[2025-07-09T13:53:28.464251+00:00] console-output.INFO: Running database migrations... [] []
[2025-07-09T13:53:28.875606+00:00] console-output.INFO: Importing athlete... [] []
[2025-07-09T13:53:39.441367+00:00] console-output.INFO: Importing gear... [] []
[2025-07-09T13:54:02.287202+00:00] console-output.INFO: Importing activities... [] []
[2025-07-09T13:54:02.297912+00:00] console-output.INFO: Status: 0 out of 111 activities imported [] []
[2025-07-09T13:54:14.754338+00:00] console-output.INFO:   => [1/111] Imported activity: "Evening Walk - 08-07-2025" [] []
[2025-07-09T13:54:26.594081+00:00] console-output.INFO:   => [2/111] Imported activity: "Paddle boarding - 04-07-2025" [] []
[2025-07-09T13:54:38.713231+00:00] console-output.INFO:   => [3/111] Imported activity: "Raccoon Creek - 26-06-2025" [] []
[2025-07-09T13:55:01.503342+00:00] console-output.INFO:   => [4/111] Imported activity: "Reformatory Branch Trail Pt 2 - 19-06-2025" [] []
[2025-07-09T13:55:13.383838+00:00] console-output.INFO:   => [5/111] Imported activity: "Exploring Boston! - 15-06-2025" [] []
[2025-07-09T13:55:35.716363+00:00] console-output.INFO:   => [6/111] Imported activity: "The Quest for the Barbecue Pizza Place in Terminal A - 12-06-2025" [] []
[2025-07-09T13:55:58.358776+00:00] console-output.INFO:   => [7/111] Imported activity: "Ups & Downs - 10-06-2025" [] []
[2025-07-09T13:56:18.968753+00:00] console-output.INFO:   => [8/111] Imported activity: "Stationary Biking - 09-06-2025" [] []
[2025-07-09T13:56:31.024425+00:00] console-output.INFO:   => [9/111] Imported activity: "Altitude! 🏔️ - 07-06-2025" [] []
[2025-07-09T13:56:42.765540+00:00] console-output.INFO:   => [10/111] Imported activity: "Morning Walk - 05-06-2025" [] []
[2025-07-09T13:56:54.459591+00:00] console-output.INFO:   => [11/111] Imported activity: "Afternoon Walk - 27-04-2025" [] []
[2025-07-09T13:57:06.327546+00:00] console-output.INFO:   => [12/111] Imported activity: "Easter walk - 20-04-2025" [] []
[2025-07-09T13:57:18.079157+00:00] console-output.INFO:   => [13/111] Imported activity: "Walk with Cece and the Fam - 12-04-2025" [] []
[2025-07-09T13:57:29.794901+00:00] console-output.INFO:   => [14/111] Imported activity: "Afternoon Hike - 10-04-2025" [] []
[2025-07-09T13:57:41.467633+00:00] console-output.INFO:   => [15/111] Imported activity: "Afternoon Walk - 08-04-2025" [] []
[2025-07-09T13:57:53.212472+00:00] console-output.INFO:   => [16/111] Imported activity: "Evening Walk - 02-04-2025" [] []
[2025-07-09T13:58:04.978727+00:00] console-output.INFO:   => [17/111] Imported activity: "Evening Walk - 17-03-2025" [] []
[2025-07-09T13:58:16.745010+00:00] console-output.INFO:   => [18/111] Imported activity: "Evening Walk - 09-03-2025" [] []
[2025-07-09T13:58:28.615844+00:00] console-output.INFO:   => [19/111] Imported activity: "The Freedom Trail 🇺🇸 - 08-12-2024" [] []
[2025-07-09T13:58:40.575367+00:00] console-output.INFO:   => [20/111] Imported activity: "Turkey Trot! - 28-11-2024" [] []
[2025-07-09T13:59:03.073153+00:00] console-output.INFO:   => [21/111] Imported activity: "Two thumbs down - 17-11-2024" [] []
[2025-07-09T13:59:14.873523+00:00] console-output.INFO:   => [22/111] Imported activity: "Soggy - 14-11-2024" [] []
[2025-07-09T13:59:26.716872+00:00] console-output.INFO:   => [23/111] Imported activity: "Afternoon Run - 05-11-2024" [] []
[2025-07-09T13:59:38.498644+00:00] console-output.INFO:   => [24/111] Imported activity: "Afternoon Run - 29-10-2024" [] []
[2025-07-09T13:59:50.267263+00:00] console-output.INFO:   => [25/111] Imported activity: "Evening Run - 20-10-2024" [] []
[2025-07-09T14:00:02.100273+00:00] console-output.INFO:   => [26/111] Imported activity: "No bueno - 12-10-2024" [] []
[2025-07-09T14:00:13.925917+00:00] console-output.INFO:   => [27/111] Imported activity: "Afternoon Run - 05-10-2024" [] []
[2025-07-09T14:00:25.825590+00:00] console-output.INFO:   => [28/111] Imported activity: "Night Walk - 04-10-2024" [] []
[2025-07-09T14:00:49.084928+00:00] console-output.INFO:   => [29/111] Imported activity: "The Great Race - 29-09-2024" [] []
[2025-07-09T14:01:00.759122+00:00] console-output.INFO:   => [30/111] Imported activity: "Afternoon Walk - 28-09-2024" [] []
[2025-07-09T14:01:12.663051+00:00] console-output.INFO:   => [31/111] Imported activity: "Evening Run - 23-09-2024" [] []
[2025-07-09T14:01:24.475191+00:00] console-output.INFO:   => [32/111] Imported activity: "Morning Run - 14-09-2024" [] []
[2025-07-09T14:01:53.346640+00:00] console-output.INFO:   => [33/111] Imported activity: "Evening Run - 07-09-2024" [] []
[2025-07-09T14:02:06.756111+00:00] console-output.INFO:   => [34/111] Imported activity: "Chasin’ Biochemily - 31-08-2024" [] []
[2025-07-09T14:02:19.020686+00:00] console-output.INFO:   => [35/111] Imported activity: "Afternoon Run - 22-08-2024" [] []
[2025-07-09T14:02:31.051881+00:00] console-output.INFO:   => [36/111] Imported activity: "Morning Run - 17-08-2024" [] []
[2025-07-09T14:02:53.681075+00:00] console-output.INFO:   => [37/111] Imported activity: "Pittsburgh Marathon Registration 5k - 14-08-2024" [] []
[2025-07-09T14:03:05.627524+00:00] console-output.INFO:   => [38/111] Imported activity: "Lunch Run - 10-08-2024" [] []
[2025-07-09T14:03:17.595158+00:00] console-output.INFO:   => [39/111] Imported activity: "Evening Run - 18-07-2024" [] []
[2025-07-09T14:03:39.987819+00:00] console-output.INFO:   => [40/111] Imported activity: "Breakin’ in the new wheels - 09-07-2024" [] []
[2025-07-09T14:03:52.037655+00:00] console-output.INFO:   => [41/111] Imported activity: "Blood, Sweat, and… Sweat - 05-07-2024" [] []
[2025-07-09T14:04:05.592274+00:00] console-output.INFO:   => [42/111] Imported activity: "Morning Hike - 17-06-2024" [] []
[2025-07-09T14:04:18.430340+00:00] console-output.INFO:   => [43/111] Imported activity: "Morning Stand Up Paddling - 14-06-2024" [] []
[2025-07-09T14:04:30.257677+00:00] console-output.INFO:   => [44/111] Imported activity: "Paddle boarding pt 2 - 13-06-2024" [] []
[2025-07-09T14:04:43.116238+00:00] console-output.INFO:   => [45/111] Imported activity: "Afternoon Stand Up Paddling - 13-06-2024" [] []
[2025-07-09T14:04:55.142832+00:00] console-output.INFO:   => [46/111] Imported activity: "Evening Run - 09-06-2024" [] []
[2025-07-09T14:05:07.050205+00:00] console-output.INFO:   => [47/111] Imported activity: "Lunch Run - 08-06-2024" [] []
[2025-07-09T14:05:19.043835+00:00] console-output.INFO:   => [48/111] Imported activity: "Afternoon Run - 07-06-2024" [] []
[2025-07-09T14:05:30.893058+00:00] console-output.INFO:   => [49/111] Imported activity: "Evening Run - 29-05-2024" [] []
[2025-07-09T14:05:42.693942+00:00] console-output.INFO:   => [50/111] Imported activity: "Evening Run - 21-05-2024" [] []
[2025-07-09T14:05:54.424878+00:00] console-output.INFO:   => [51/111] Imported activity: "Fueled up ⛽️ - 15-05-2024" [] []
[2025-07-09T14:06:06.341996+00:00] console-output.INFO:   => [52/111] Imported activity: "Morning Run - 04-05-2024" [] []
[2025-07-09T14:06:18.334587+00:00] console-output.INFO:   => [53/111] Imported activity: "Evening Run - 26-04-2024" [] []
[2025-07-09T14:06:30.104465+00:00] console-output.INFO:   => [54/111] Imported activity: "The flesh is willing but the calves are weak - 18-04-2024" [] []
[2025-07-09T14:06:42.050049+00:00] console-output.INFO:   => [55/111] Imported activity: "Cramps galore 👎 - 10-04-2024" [] []
[2025-07-09T14:06:53.781017+00:00] console-output.INFO:   => [56/111] Imported activity: "Afternoon Run - 06-04-2024" [] []
[2025-07-09T14:07:05.697877+00:00] console-output.INFO:   => [57/111] Imported activity: "Evening Run - 28-03-2024" [] []
[2025-07-09T14:07:17.469986+00:00] console-output.INFO:   => [58/111] Imported activity: "Afternoon Trail Run - 04-03-2024" [] []
[2025-07-09T14:07:40.186122+00:00] console-output.INFO:   => [59/111] Imported activity: "Morning Mountain Bike Ride - 23-12-2023" [] []
[2025-07-09T14:07:52.040669+00:00] console-output.INFO:   => [60/111] Imported activity: "Evening Hike - 28-08-2023" [] []
[2025-07-09T14:08:04.013270+00:00] console-output.INFO:   => [61/111] Imported activity: "Evening Run - 15-08-2023" [] []
[2025-07-09T14:08:15.743194+00:00] console-output.INFO:   => [62/111] Imported activity: "Afternoon Trail Run - 03-08-2023" [] []
[2025-07-09T14:08:27.779840+00:00] console-output.INFO:   => [63/111] Imported activity: "South Park Hike - 26-07-2023" [] []
[2025-07-09T14:08:39.648257+00:00] console-output.INFO:   => [64/111] Imported activity: "Afternoon Hike - 15-07-2023" [] []
[2025-07-09T14:09:02.134301+00:00] console-output.INFO:   => [65/111] Imported activity: "Evening Run - 06-07-2023" [] []
[2025-07-09T14:09:14.329707+00:00] console-output.INFO:   => [66/111] Imported activity: "Afternoon Run - 21-06-2023" [] []
[2025-07-09T14:09:26.678979+00:00] console-output.INFO:   => [67/111] Imported activity: "Afternoon Run - 17-06-2023" [] []
[2025-07-09T14:09:38.530064+00:00] console-output.INFO:   => [68/111] Imported activity: "Afternoon Run - 11-03-2023" [] []
[2025-07-09T14:09:50.291004+00:00] console-output.INFO:   => [69/111] Imported activity: "Lunch Walk - 09-03-2023" [] []
[2025-07-09T14:10:02.153677+00:00] console-output.INFO:   => [70/111] Imported activity: "Evening Run - 26-02-2023" [] []
[2025-07-09T14:10:13.866800+00:00] console-output.INFO:   => [71/111] Imported activity: "Afternoon Walk - 12-02-2023" [] []
[2025-07-09T14:10:25.795970+00:00] console-output.INFO:   => [72/111] Imported activity: "Slow run - 21-01-2023" [] []
[2025-07-09T14:10:37.599898+00:00] console-output.INFO:   => [73/111] Imported activity: "Afternoon Walk - 19-01-2023" [] []
[2025-07-09T14:10:49.321752+00:00] console-output.INFO:   => [74/111] Imported activity: "Afternoon Walk - 17-01-2023" [] []
[2025-07-09T14:11:00.996852+00:00] console-output.INFO:   => [75/111] Imported activity: "Afternoon Walk - 13-01-2023" [] []
[2025-07-09T14:11:12.649247+00:00] console-output.INFO:   => [76/111] Imported activity: "Afternoon Walk - 11-01-2023" [] []
[2025-07-09T14:11:24.414754+00:00] console-output.INFO:   => [77/111] Imported activity: "Afternoon Walk - 10-01-2023" [] []
[2025-07-09T14:11:37.028270+00:00] console-output.INFO:   => [78/111] Imported activity: "Turkey Trot - 24-11-2022" [] []
[2025-07-09T14:11:49.126410+00:00] console-output.INFO:   => [79/111] Imported activity: "Afternoon Run - 16-11-2022" [] []
[2025-07-09T14:12:00.978974+00:00] console-output.INFO:   => [80/111] Imported activity: "Afternoon Run - 26-10-2022" [] []
[2025-07-09T14:12:13.648443+00:00] console-output.INFO:   => [81/111] Imported activity: "Afternoon Hike - 14-08-2022" [] []
[2025-07-09T14:12:36.024153+00:00] console-output.INFO:   => [82/111] Imported activity: "Camel’s Hump Ascent - 14-08-2022" [] []
[2025-07-09T14:12:58.745331+00:00] console-output.INFO:   => [83/111] Imported activity: "Bayfront Walk - 07-07-2022" [] []
[2025-07-09T14:13:20.890529+00:00] console-output.INFO:   => [84/111] Imported activity: "Evening Walk - 17-06-2022" [] []
[2025-07-09T14:13:42.948618+00:00] console-output.INFO:   => [85/111] Imported activity: "Evening stroll - 09-06-2022" [] []
[2025-07-09T14:13:54.757438+00:00] console-output.INFO:   => [86/111] Imported activity: "Walk with Cece - 17-05-2022" [] []
[2025-07-09T14:14:16.962281+00:00] console-output.INFO:   => [87/111] Imported activity: "Sunset Cruise - 14-05-2022" [] []
[2025-07-09T14:14:28.966611+00:00] console-output.INFO:   => [88/111] Imported activity: "Lunch Run - 10-12-2021" [] []
[2025-07-09T14:14:52.231315+00:00] console-output.INFO:   => [89/111] Imported activity: "Rain Run - 24-10-2021" [] []
[2025-07-09T14:15:04.037747+00:00] console-output.INFO:   => [90/111] Imported activity: "Evening Run - 29-08-2021" [] []
[2025-07-09T14:15:16.432076+00:00] console-output.INFO:   => [91/111] Imported activity: "Twin Sisters - 17-08-2021" [] []
[2025-07-09T14:15:28.543155+00:00] console-output.INFO:   => [92/111] Imported activity: "Bitterbrush with Em - 15-08-2021" [] []
[2025-07-09T14:15:40.451372+00:00] console-output.INFO:   => [93/111] Imported activity: "Morning Cruise - 07-08-2021" [] []
[2025-07-09T14:15:52.565183+00:00] console-output.INFO:   => [94/111] Imported activity: "Mt. Columbia - 31-07-2021" [] []
[2025-07-09T14:16:04.867838+00:00] console-output.INFO:   => [95/111] Imported activity: "Antelope + Bitterbrush + Nelson Loop - 20-06-2021" [] []
[2025-07-09T14:16:16.509965+00:00] console-output.INFO:   => [96/111] Imported activity: "Antelope and Butterbrush - 13-06-2021" [] []
[2025-07-09T14:16:28.380914+00:00] console-output.INFO:   => [97/111] Imported activity: "AIR 🥵 - 12-06-2021" [] []
[2025-07-09T14:16:40.087979+00:00] console-output.INFO:   => [98/111] Imported activity: "Afternoon Run - 29-04-2021" [] []
[2025-07-09T14:16:51.989975+00:00] console-output.INFO:   => [99/111] Imported activity: "Afternoon Run - 28-02-2021" [] []
[2025-07-09T14:17:04.066937+00:00] console-output.INFO:   => [100/111] Imported activity: "Afternoon Run - 07-12-2020" [] []
[2025-07-09T14:17:15.909103+00:00] console-output.INFO:   => [101/111] Imported activity: "Post-Turkey Day Trot - 27-11-2020" [] []
[2025-07-09T14:17:27.924618+00:00] console-output.INFO:   => [102/111] Imported activity: "Bro Time - 22-11-2020" [] []
[2025-07-09T14:17:50.891096+00:00] console-output.INFO:   => [103/111] Imported activity: "The usual - 13-11-2020" [] []
[2025-07-09T14:18:03.047864+00:00] console-output.INFO:   => [104/111] Imported activity: "Afternoon Run - 05-11-2020" [] []
[2025-07-09T14:18:25.774204+00:00] console-output.INFO:   => [105/111] Imported activity: "Run - 17-10-2020" [] []
[2025-07-09T14:18:37.958259+00:00] console-output.INFO:   => [106/111] Imported activity: "Afternoon Run - 29-08-2020" [] []
[2025-07-09T14:18:49.805722+00:00] console-output.INFO:   => [107/111] Imported activity: "Morning Run - 06-08-2020" [] []
[2025-07-09T14:19:01.626612+00:00] console-output.INFO:   => [108/111] Imported activity: "Evening Ride - 04-08-2020" [] []
[2025-07-09T14:19:13.690120+00:00] console-output.INFO:   => [109/111] Imported activity: "Evening Ride - 24-07-2020" [] []
[2025-07-09T14:19:25.501766+00:00] console-output.INFO:   => [110/111] Imported activity: "The usual - 05-07-2020" [] []
[2025-07-09T14:19:37.436586+00:00] console-output.INFO:   => [111/111] Imported activity: "The usual - 22-06-2020" [] []
[2025-07-09T14:19:37.437053+00:00] console-output.INFO: Importing activity splits... [] []
[2025-07-09T14:19:43.295739+00:00] console-output.INFO:   => Added 1162 new activity splits for 110 activities [] []
[2025-07-09T14:19:43.296131+00:00] console-output.INFO: Importing activity laps... [] []
[2025-07-09T14:19:43.996346+00:00] console-output.INFO:   => Added 110 new activity laps for 110 activities [] []
[2025-07-09T14:19:43.996742+00:00] console-output.INFO: Importing activity streams... [] []
[2025-07-09T14:19:54.321071+00:00] console-output.INFO:   => Imported activity stream "15055400038 - time" [] []
[2025-07-09T14:19:54.330482+00:00] console-output.INFO:   => Imported activity stream "15055400038 - distance" [] []
[2025-07-09T14:19:54.346361+00:00] console-output.INFO:   => Imported activity stream "15055400038 - latlng" [] []
[2025-07-09T14:19:54.355773+00:00] console-output.INFO:   => Imported activity stream "15055400038 - altitude" [] []
[2025-07-09T14:19:54.366267+00:00] console-output.INFO:   => Imported activity stream "15055400038 - velocity_smooth" [] []
[2025-07-09T14:19:54.373507+00:00] console-output.INFO:   => Imported activity stream "15055400038 - moving" [] []
[2025-07-09T14:19:54.382046+00:00] console-output.INFO:   => Imported activity stream "15055400038 - grade_smooth" [] []
[2025-07-09T14:20:04.646514+00:00] console-output.INFO:   => Imported activity stream "15018188159 - time" [] []
[2025-07-09T14:20:04.661795+00:00] console-output.INFO:   => Imported activity stream "15018188159 - distance" [] []
[2025-07-09T14:20:04.686829+00:00] console-output.INFO:   => Imported activity stream "15018188159 - latlng" [] []
[2025-07-09T14:20:04.695792+00:00] console-output.INFO:   => Imported activity stream "15018188159 - altitude" [] []
[2025-07-09T14:20:04.705138+00:00] console-output.INFO:   => Imported activity stream "15018188159 - velocity_smooth" [] []
[2025-07-09T14:20:04.712780+00:00] console-output.INFO:   => Imported activity stream "15018188159 - moving" [] []
[2025-07-09T14:20:04.721959+00:00] console-output.INFO:   => Imported activity stream "15018188159 - grade_smooth" [] []
[2025-07-09T14:20:15.025834+00:00] console-output.INFO:   => Imported activity stream "14930470468 - time" [] []
[2025-07-09T14:20:15.037162+00:00] console-output.INFO:   => Imported activity stream "14930470468 - distance" [] []
[2025-07-09T14:20:15.057414+00:00] console-output.INFO:   => Imported activity stream "14930470468 - latlng" [] []
[2025-07-09T14:20:15.066537+00:00] console-output.INFO:   => Imported activity stream "14930470468 - altitude" [] []
[2025-07-09T14:20:15.076629+00:00] console-output.INFO:   => Imported activity stream "14930470468 - velocity_smooth" [] []
[2025-07-09T14:20:15.084610+00:00] console-output.INFO:   => Imported activity stream "14930470468 - moving" [] []
[2025-07-09T14:20:15.093821+00:00] console-output.INFO:   => Imported activity stream "14930470468 - grade_smooth" [] []
[2025-07-09T14:20:25.393099+00:00] console-output.INFO:   => Imported activity stream "14855146364 - time" [] []
[2025-07-09T14:20:25.407581+00:00] console-output.INFO:   => Imported activity stream "14855146364 - distance" [] []
[2025-07-09T14:20:25.428626+00:00] console-output.INFO:   => Imported activity stream "14855146364 - latlng" [] []
[2025-07-09T14:20:25.440514+00:00] console-output.INFO:   => Imported activity stream "14855146364 - altitude" [] []
[2025-07-09T14:20:25.450403+00:00] console-output.INFO:   => Imported activity stream "14855146364 - velocity_smooth" [] []
[2025-07-09T14:20:25.458887+00:00] console-output.INFO:   => Imported activity stream "14855146364 - moving" [] []
[2025-07-09T14:20:25.467589+00:00] console-output.INFO:   => Imported activity stream "14855146364 - grade_smooth" [] []
[2025-07-09T14:20:36.086801+00:00] console-output.INFO:   => Imported activity stream "14812955632 - time" [] []
[2025-07-09T14:20:36.106466+00:00] console-output.INFO:   => Imported activity stream "14812955632 - distance" [] []
[2025-07-09T14:20:36.139406+00:00] console-output.INFO:   => Imported activity stream "14812955632 - latlng" [] []
[2025-07-09T14:20:36.148040+00:00] console-output.INFO:   => Imported activity stream "14812955632 - altitude" [] []
[2025-07-09T14:20:36.157478+00:00] console-output.INFO:   => Imported activity stream "14812955632 - velocity_smooth" [] []
[2025-07-09T14:20:36.164636+00:00] console-output.INFO:   => Imported activity stream "14812955632 - moving" [] []
[2025-07-09T14:20:36.172865+00:00] console-output.INFO:   => Imported activity stream "14812955632 - grade_smooth" [] []
[2025-07-09T14:20:46.488800+00:00] console-output.INFO:   => Imported activity stream "14782198498 - time" [] []
[2025-07-09T14:20:46.496690+00:00] console-output.INFO:   => Imported activity stream "14782198498 - distance" [] []
[2025-07-09T14:20:46.508660+00:00] console-output.INFO:   => Imported activity stream "14782198498 - latlng" [] []
[2025-07-09T14:20:46.516111+00:00] console-output.INFO:   => Imported activity stream "14782198498 - altitude" [] []
[2025-07-09T14:20:46.523147+00:00] console-output.INFO:   => Imported activity stream "14782198498 - velocity_smooth" [] []
[2025-07-09T14:20:46.529841+00:00] console-output.INFO:   => Imported activity stream "14782198498 - moving" [] []
[2025-07-09T14:20:46.536773+00:00] console-output.INFO:   => Imported activity stream "14782198498 - grade_smooth" [] []
[2025-07-09T14:20:56.800720+00:00] console-output.INFO:   => Imported activity stream "14760168607 - time" [] []
[2025-07-09T14:20:56.812056+00:00] console-output.INFO:   => Imported activity stream "14760168607 - distance" [] []
[2025-07-09T14:20:56.831171+00:00] console-output.INFO:   => Imported activity stream "14760168607 - latlng" [] []
[2025-07-09T14:20:56.839432+00:00] console-output.INFO:   => Imported activity stream "14760168607 - altitude" [] []
[2025-07-09T14:20:56.847807+00:00] console-output.INFO:   => Imported activity stream "14760168607 - velocity_smooth" [] []
[2025-07-09T14:20:56.857197+00:00] console-output.INFO:   => Imported activity stream "14760168607 - moving" [] []
[2025-07-09T14:20:56.865779+00:00] console-output.INFO:   => Imported activity stream "14760168607 - grade_smooth" [] []
[2025-07-09T14:21:17.187431+00:00] console-output.INFO:   => Imported activity stream "14724560313 - time" [] []
[2025-07-09T14:21:17.196728+00:00] console-output.INFO:   => Imported activity stream "14724560313 - distance" [] []
[2025-07-09T14:21:17.209220+00:00] console-output.INFO:   => Imported activity stream "14724560313 - latlng" [] []
[2025-07-09T14:21:17.217134+00:00] console-output.INFO:   => Imported activity stream "14724560313 - altitude" [] []
[2025-07-09T14:21:17.226004+00:00] console-output.INFO:   => Imported activity stream "14724560313 - velocity_smooth" [] []
[2025-07-09T14:21:17.232878+00:00] console-output.INFO:   => Imported activity stream "14724560313 - moving" [] []
[2025-07-09T14:21:17.239850+00:00] console-output.INFO:   => Imported activity stream "14724560313 - grade_smooth" [] []
[2025-07-09T14:21:27.508444+00:00] console-output.INFO:   => Imported activity stream "14705285417 - time" [] []
[2025-07-09T14:21:27.517976+00:00] console-output.INFO:   => Imported activity stream "14705285417 - distance" [] []
[2025-07-09T14:21:27.534607+00:00] console-output.INFO:   => Imported activity stream "14705285417 - latlng" [] []
[2025-07-09T14:21:27.543887+00:00] console-output.INFO:   => Imported activity stream "14705285417 - altitude" [] []
[2025-07-09T14:21:27.552962+00:00] console-output.INFO:   => Imported activity stream "14705285417 - velocity_smooth" [] []
[2025-07-09T14:21:27.560832+00:00] console-output.INFO:   => Imported activity stream "14705285417 - moving" [] []
[2025-07-09T14:21:27.569352+00:00] console-output.INFO:   => Imported activity stream "14705285417 - grade_smooth" [] []
[2025-07-09T14:21:37.734499+00:00] console-output.INFO:   => Imported activity stream "14306839744 - time" [] []
[2025-07-09T14:21:37.743808+00:00] console-output.INFO:   => Imported activity stream "14306839744 - distance" [] []
[2025-07-09T14:21:37.758792+00:00] console-output.INFO:   => Imported activity stream "14306839744 - latlng" [] []
[2025-07-09T14:21:37.767392+00:00] console-output.INFO:   => Imported activity stream "14306839744 - altitude" [] []
[2025-07-09T14:21:37.775841+00:00] console-output.INFO:   => Imported activity stream "14306839744 - velocity_smooth" [] []
[2025-07-09T14:21:37.782807+00:00] console-output.INFO:   => Imported activity stream "14306839744 - moving" [] []
[2025-07-09T14:21:37.790595+00:00] console-output.INFO:   => Imported activity stream "14306839744 - grade_smooth" [] []
[2025-07-09T14:21:48.047343+00:00] console-output.INFO:   => Imported activity stream "14235874774 - time" [] []
[2025-07-09T14:21:48.055804+00:00] console-output.INFO:   => Imported activity stream "14235874774 - distance" [] []
[2025-07-09T14:21:48.068216+00:00] console-output.INFO:   => Imported activity stream "14235874774 - latlng" [] []
[2025-07-09T14:21:48.076133+00:00] console-output.INFO:   => Imported activity stream "14235874774 - altitude" [] []
[2025-07-09T14:21:48.084805+00:00] console-output.INFO:   => Imported activity stream "14235874774 - velocity_smooth" [] []
[2025-07-09T14:21:48.091884+00:00] console-output.INFO:   => Imported activity stream "14235874774 - moving" [] []
[2025-07-09T14:21:48.099152+00:00] console-output.INFO:   => Imported activity stream "14235874774 - grade_smooth" [] []
[2025-07-09T14:21:58.372636+00:00] console-output.INFO:   => Imported activity stream "14157922016 - time" [] []
[2025-07-09T14:21:58.384507+00:00] console-output.INFO:   => Imported activity stream "14157922016 - distance" [] []
[2025-07-09T14:21:58.405891+00:00] console-output.INFO:   => Imported activity stream "14157922016 - latlng" [] []
[2025-07-09T14:21:58.415311+00:00] console-output.INFO:   => Imported activity stream "14157922016 - altitude" [] []
[2025-07-09T14:21:58.424282+00:00] console-output.INFO:   => Imported activity stream "14157922016 - velocity_smooth" [] []
[2025-07-09T14:21:58.432040+00:00] console-output.INFO:   => Imported activity stream "14157922016 - moving" [] []
[2025-07-09T14:21:58.440991+00:00] console-output.INFO:   => Imported activity stream "14157922016 - grade_smooth" [] []
[2025-07-09T14:22:08.634060+00:00] console-output.INFO:   => Imported activity stream "14143060714 - time" [] []
[2025-07-09T14:22:08.644751+00:00] console-output.INFO:   => Imported activity stream "14143060714 - distance" [] []
[2025-07-09T14:22:08.665206+00:00] console-output.INFO:   => Imported activity stream "14143060714 - latlng" [] []
[2025-07-09T14:22:08.676642+00:00] console-output.INFO:   => Imported activity stream "14143060714 - altitude" [] []
[2025-07-09T14:22:08.686303+00:00] console-output.INFO:   => Imported activity stream "14143060714 - velocity_smooth" [] []
[2025-07-09T14:22:08.694135+00:00] console-output.INFO:   => Imported activity stream "14143060714 - moving" [] []
[2025-07-09T14:22:08.703456+00:00] console-output.INFO:   => Imported activity stream "14143060714 - grade_smooth" [] []
[2025-07-09T14:22:18.917061+00:00] console-output.INFO:   => Imported activity stream "14121321537 - time" [] []
[2025-07-09T14:22:18.924881+00:00] console-output.INFO:   => Imported activity stream "14121321537 - distance" [] []
[2025-07-09T14:22:18.934790+00:00] console-output.INFO:   => Imported activity stream "14121321537 - latlng" [] []
[2025-07-09T14:22:18.942041+00:00] console-output.INFO:   => Imported activity stream "14121321537 - altitude" [] []
[2025-07-09T14:22:18.949507+00:00] console-output.INFO:   => Imported activity stream "14121321537 - velocity_smooth" [] []
[2025-07-09T14:22:18.956091+00:00] console-output.INFO:   => Imported activity stream "14121321537 - moving" [] []
[2025-07-09T14:22:18.964964+00:00] console-output.INFO:   => Imported activity stream "14121321537 - grade_smooth" [] []
[2025-07-09T14:22:29.128602+00:00] console-output.INFO:   => Imported activity stream "14063848750 - time" [] []
[2025-07-09T14:22:29.136932+00:00] console-output.INFO:   => Imported activity stream "14063848750 - distance" [] []
[2025-07-09T14:22:29.147187+00:00] console-output.INFO:   => Imported activity stream "14063848750 - latlng" [] []
[2025-07-09T14:22:29.154560+00:00] console-output.INFO:   => Imported activity stream "14063848750 - altitude" [] []
[2025-07-09T14:22:29.161965+00:00] console-output.INFO:   => Imported activity stream "14063848750 - velocity_smooth" [] []
[2025-07-09T14:22:29.168891+00:00] console-output.INFO:   => Imported activity stream "14063848750 - moving" [] []
[2025-07-09T14:22:29.176862+00:00] console-output.INFO:   => Imported activity stream "14063848750 - grade_smooth" [] []
[2025-07-09T14:22:39.380080+00:00] console-output.INFO:   => Imported activity stream "13911547152 - time" [] []
[2025-07-09T14:22:39.389085+00:00] console-output.INFO:   => Imported activity stream "13911547152 - distance" [] []
[2025-07-09T14:22:39.402827+00:00] console-output.INFO:   => Imported activity stream "13911547152 - latlng" [] []
[2025-07-09T14:22:39.411825+00:00] console-output.INFO:   => Imported activity stream "13911547152 - altitude" [] []
[2025-07-09T14:22:39.421905+00:00] console-output.INFO:   => Imported activity stream "13911547152 - velocity_smooth" [] []
[2025-07-09T14:22:39.429694+00:00] console-output.INFO:   => Imported activity stream "13911547152 - moving" [] []
[2025-07-09T14:22:39.437727+00:00] console-output.INFO:   => Imported activity stream "13911547152 - grade_smooth" [] []
[2025-07-09T14:22:49.608301+00:00] console-output.INFO:   => Imported activity stream "13838738358 - time" [] []
[2025-07-09T14:22:49.617560+00:00] console-output.INFO:   => Imported activity stream "13838738358 - distance" [] []
[2025-07-09T14:22:49.631781+00:00] console-output.INFO:   => Imported activity stream "13838738358 - latlng" [] []
[2025-07-09T14:22:49.639947+00:00] console-output.INFO:   => Imported activity stream "13838738358 - altitude" [] []
[2025-07-09T14:22:49.648498+00:00] console-output.INFO:   => Imported activity stream "13838738358 - velocity_smooth" [] []
[2025-07-09T14:22:49.655827+00:00] console-output.INFO:   => Imported activity stream "13838738358 - moving" [] []
[2025-07-09T14:22:49.664944+00:00] console-output.INFO:   => Imported activity stream "13838738358 - grade_smooth" [] []
[2025-07-09T14:23:00.008957+00:00] console-output.INFO:   => Imported activity stream "13076107800 - time" [] []
[2025-07-09T14:23:00.021016+00:00] console-output.INFO:   => Imported activity stream "13076107800 - distance" [] []
[2025-07-09T14:23:00.050877+00:00] console-output.INFO:   => Imported activity stream "13076107800 - latlng" [] []
[2025-07-09T14:23:00.063620+00:00] console-output.INFO:   => Imported activity stream "13076107800 - altitude" [] []
[2025-07-09T14:23:00.075267+00:00] console-output.INFO:   => Imported activity stream "13076107800 - velocity_smooth" [] []
[2025-07-09T14:23:00.084036+00:00] console-output.INFO:   => Imported activity stream "13076107800 - moving" [] []
[2025-07-09T14:23:00.094685+00:00] console-output.INFO:   => Imported activity stream "13076107800 - grade_smooth" [] []
[2025-07-09T14:23:10.437986+00:00] console-output.INFO:   => Imported activity stream "13003087779 - time" [] []
[2025-07-09T14:23:10.446093+00:00] console-output.INFO:   => Imported activity stream "13003087779 - distance" [] []
[2025-07-09T14:23:10.457485+00:00] console-output.INFO:   => Imported activity stream "13003087779 - latlng" [] []
[2025-07-09T14:23:10.465496+00:00] console-output.INFO:   => Imported activity stream "13003087779 - altitude" [] []
[2025-07-09T14:23:10.473524+00:00] console-output.INFO:   => Imported activity stream "13003087779 - velocity_smooth" [] []
[2025-07-09T14:23:10.480898+00:00] console-output.INFO:   => Imported activity stream "13003087779 - moving" [] []
[2025-07-09T14:23:10.488705+00:00] console-output.INFO:   => Imported activity stream "13003087779 - grade_smooth" [] []
[2025-07-09T14:23:20.694817+00:00] console-output.INFO:   => Imported activity stream "12924831122 - time" [] []
[2025-07-09T14:23:20.703701+00:00] console-output.INFO:   => Imported activity stream "12924831122 - distance" [] []
[2025-07-09T14:23:20.716893+00:00] console-output.INFO:   => Imported activity stream "12924831122 - latlng" [] []
[2025-07-09T14:23:20.725273+00:00] console-output.INFO:   => Imported activity stream "12924831122 - altitude" [] []
[2025-07-09T14:23:20.733203+00:00] console-output.INFO:   => Imported activity stream "12924831122 - velocity_smooth" [] []
[2025-07-09T14:23:20.740292+00:00] console-output.INFO:   => Imported activity stream "12924831122 - moving" [] []
[2025-07-09T14:23:20.747909+00:00] console-output.INFO:   => Imported activity stream "12924831122 - grade_smooth" [] []
[2025-07-09T14:23:30.956170+00:00] console-output.INFO:   => Imported activity stream "12902336737 - time" [] []
[2025-07-09T14:23:30.964253+00:00] console-output.INFO:   => Imported activity stream "12902336737 - distance" [] []
[2025-07-09T14:23:30.976373+00:00] console-output.INFO:   => Imported activity stream "12902336737 - latlng" [] []
[2025-07-09T14:23:30.983973+00:00] console-output.INFO:   => Imported activity stream "12902336737 - altitude" [] []
[2025-07-09T14:23:30.991595+00:00] console-output.INFO:   => Imported activity stream "12902336737 - velocity_smooth" [] []
[2025-07-09T14:23:30.998320+00:00] console-output.INFO:   => Imported activity stream "12902336737 - moving" [] []
[2025-07-09T14:23:31.005736+00:00] console-output.INFO:   => Imported activity stream "12902336737 - grade_smooth" [] []
[2025-07-09T14:23:41.347943+00:00] console-output.INFO:   => Imported activity stream "12832625109 - time" [] []
[2025-07-09T14:23:41.357835+00:00] console-output.INFO:   => Imported activity stream "12832625109 - distance" [] []
[2025-07-09T14:23:41.370884+00:00] console-output.INFO:   => Imported activity stream "12832625109 - latlng" [] []
[2025-07-09T14:23:41.379710+00:00] console-output.INFO:   => Imported activity stream "12832625109 - altitude" [] []
[2025-07-09T14:23:41.387872+00:00] console-output.INFO:   => Imported activity stream "12832625109 - velocity_smooth" [] []
[2025-07-09T14:23:41.394945+00:00] console-output.INFO:   => Imported activity stream "12832625109 - moving" [] []
[2025-07-09T14:23:41.402921+00:00] console-output.INFO:   => Imported activity stream "12832625109 - grade_smooth" [] []
[2025-07-09T14:23:51.682342+00:00] console-output.INFO:   => Imported activity stream "12776862358 - time" [] []
[2025-07-09T14:23:51.690941+00:00] console-output.INFO:   => Imported activity stream "12776862358 - distance" [] []
[2025-07-09T14:23:51.703885+00:00] console-output.INFO:   => Imported activity stream "12776862358 - latlng" [] []
[2025-07-09T14:23:51.712893+00:00] console-output.INFO:   => Imported activity stream "12776862358 - altitude" [] []
[2025-07-09T14:23:51.721576+00:00] console-output.INFO:   => Imported activity stream "12776862358 - velocity_smooth" [] []
[2025-07-09T14:23:51.728959+00:00] console-output.INFO:   => Imported activity stream "12776862358 - moving" [] []
[2025-07-09T14:23:51.736885+00:00] console-output.INFO:   => Imported activity stream "12776862358 - grade_smooth" [] []
[2025-07-09T14:24:01.890526+00:00] console-output.INFO:   => Imported activity stream "12705421802 - time" [] []
[2025-07-09T14:24:01.899742+00:00] console-output.INFO:   => Imported activity stream "12705421802 - distance" [] []
[2025-07-09T14:24:01.913532+00:00] console-output.INFO:   => Imported activity stream "12705421802 - latlng" [] []
[2025-07-09T14:24:01.921198+00:00] console-output.INFO:   => Imported activity stream "12705421802 - altitude" [] []
[2025-07-09T14:24:01.929811+00:00] console-output.INFO:   => Imported activity stream "12705421802 - velocity_smooth" [] []
[2025-07-09T14:24:01.936943+00:00] console-output.INFO:   => Imported activity stream "12705421802 - moving" [] []
[2025-07-09T14:24:01.944737+00:00] console-output.INFO:   => Imported activity stream "12705421802 - grade_smooth" [] []
[2025-07-09T14:24:12.124006+00:00] console-output.INFO:   => Imported activity stream "12640456703 - time" [] []
[2025-07-09T14:24:12.132727+00:00] console-output.INFO:   => Imported activity stream "12640456703 - distance" [] []
[2025-07-09T14:24:12.146505+00:00] console-output.INFO:   => Imported activity stream "12640456703 - latlng" [] []
[2025-07-09T14:24:12.154550+00:00] console-output.INFO:   => Imported activity stream "12640456703 - altitude" [] []
[2025-07-09T14:24:12.163524+00:00] console-output.INFO:   => Imported activity stream "12640456703 - velocity_smooth" [] []
[2025-07-09T14:24:12.170786+00:00] console-output.INFO:   => Imported activity stream "12640456703 - moving" [] []
[2025-07-09T14:24:12.178963+00:00] console-output.INFO:   => Imported activity stream "12640456703 - grade_smooth" [] []
[2025-07-09T14:24:22.675504+00:00] console-output.INFO:   => Imported activity stream "12583961301 - time" [] []
[2025-07-09T14:24:22.685560+00:00] console-output.INFO:   => Imported activity stream "12583961301 - distance" [] []
[2025-07-09T14:24:22.704341+00:00] console-output.INFO:   => Imported activity stream "12583961301 - latlng" [] []
[2025-07-09T14:24:22.713666+00:00] console-output.INFO:   => Imported activity stream "12583961301 - altitude" [] []
[2025-07-09T14:24:22.722918+00:00] console-output.INFO:   => Imported activity stream "12583961301 - velocity_smooth" [] []
[2025-07-09T14:24:22.730612+00:00] console-output.INFO:   => Imported activity stream "12583961301 - moving" [] []
[2025-07-09T14:24:22.739160+00:00] console-output.INFO:   => Imported activity stream "12583961301 - grade_smooth" [] []
[2025-07-09T14:24:32.916384+00:00] console-output.INFO:   => Imported activity stream "12576756484 - time" [] []
[2025-07-09T14:24:32.924648+00:00] console-output.INFO:   => Imported activity stream "12576756484 - distance" [] []
[2025-07-09T14:24:32.935373+00:00] console-output.INFO:   => Imported activity stream "12576756484 - latlng" [] []
[2025-07-09T14:24:32.943171+00:00] console-output.INFO:   => Imported activity stream "12576756484 - altitude" [] []
[2025-07-09T14:24:32.951344+00:00] console-output.INFO:   => Imported activity stream "12576756484 - velocity_smooth" [] []
[2025-07-09T14:24:32.958346+00:00] console-output.INFO:   => Imported activity stream "12576756484 - moving" [] []
[2025-07-09T14:24:32.965644+00:00] console-output.INFO:   => Imported activity stream "12576756484 - grade_smooth" [] []
[2025-07-09T14:24:43.641381+00:00] console-output.INFO:   => Imported activity stream "12533502462 - time" [] []
[2025-07-09T14:24:43.651191+00:00] console-output.INFO:   => Imported activity stream "12533502462 - distance" [] []
[2025-07-09T14:24:43.666162+00:00] console-output.INFO:   => Imported activity stream "12533502462 - latlng" [] []
[2025-07-09T14:24:43.675325+00:00] console-output.INFO:   => Imported activity stream "12533502462 - altitude" [] []
[2025-07-09T14:24:43.686046+00:00] console-output.INFO:   => Imported activity stream "12533502462 - velocity_smooth" [] []
[2025-07-09T14:24:43.693491+00:00] console-output.INFO:   => Imported activity stream "12533502462 - moving" [] []
[2025-07-09T14:24:43.701864+00:00] console-output.INFO:   => Imported activity stream "12533502462 - grade_smooth" [] []
[2025-07-09T14:24:54.128628+00:00] console-output.INFO:   => Imported activity stream "12531349759 - time" [] []
[2025-07-09T14:24:54.137181+00:00] console-output.INFO:   => Imported activity stream "12531349759 - distance" [] []
[2025-07-09T14:24:54.151062+00:00] console-output.INFO:   => Imported activity stream "12531349759 - latlng" [] []
[2025-07-09T14:24:54.159428+00:00] console-output.INFO:   => Imported activity stream "12531349759 - altitude" [] []
[2025-07-09T14:24:54.167919+00:00] console-output.INFO:   => Imported activity stream "12531349759 - velocity_smooth" [] []
[2025-07-09T14:24:54.174897+00:00] console-output.INFO:   => Imported activity stream "12531349759 - moving" [] []
[2025-07-09T14:24:54.182823+00:00] console-output.INFO:   => Imported activity stream "12531349759 - grade_smooth" [] []
[2025-07-09T14:25:04.363634+00:00] console-output.INFO:   => Imported activity stream "12487374798 - time" [] []
[2025-07-09T14:25:04.371734+00:00] console-output.INFO:   => Imported activity stream "12487374798 - distance" [] []
[2025-07-09T14:25:04.382657+00:00] console-output.INFO:   => Imported activity stream "12487374798 - latlng" [] []
[2025-07-09T14:25:04.390484+00:00] console-output.INFO:   => Imported activity stream "12487374798 - altitude" [] []
[2025-07-09T14:25:04.398210+00:00] console-output.INFO:   => Imported activity stream "12487374798 - velocity_smooth" [] []
[2025-07-09T14:25:04.407189+00:00] console-output.INFO:   => Imported activity stream "12487374798 - moving" [] []
[2025-07-09T14:25:04.414971+00:00] console-output.INFO:   => Imported activity stream "12487374798 - grade_smooth" [] []
[2025-07-09T14:25:14.664730+00:00] console-output.INFO:   => Imported activity stream "12410022758 - time" [] []
[2025-07-09T14:25:14.673075+00:00] console-output.INFO:   => Imported activity stream "12410022758 - distance" [] []
[2025-07-09T14:25:14.686135+00:00] console-output.INFO:   => Imported activity stream "12410022758 - latlng" [] []
[2025-07-09T14:25:14.694408+00:00] console-output.INFO:   => Imported activity stream "12410022758 - altitude" [] []
[2025-07-09T14:25:14.702914+00:00] console-output.INFO:   => Imported activity stream "12410022758 - velocity_smooth" [] []
[2025-07-09T14:25:14.711862+00:00] console-output.INFO:   => Imported activity stream "12410022758 - moving" [] []
[2025-07-09T14:25:14.719349+00:00] console-output.INFO:   => Imported activity stream "12410022758 - grade_smooth" [] []
[2025-07-09T14:25:25.156882+00:00] console-output.INFO:   => Imported activity stream "12353307825 - time" [] []
[2025-07-09T14:25:25.167148+00:00] console-output.INFO:   => Imported activity stream "12353307825 - distance" [] []
[2025-07-09T14:25:25.185072+00:00] console-output.INFO:   => Imported activity stream "12353307825 - latlng" [] []
[2025-07-09T14:25:25.193374+00:00] console-output.INFO:   => Imported activity stream "12353307825 - altitude" [] []
[2025-07-09T14:25:25.208560+00:00] console-output.INFO:   => Imported activity stream "12353307825 - velocity_smooth" [] []
[2025-07-09T14:25:25.216934+00:00] console-output.INFO:   => Imported activity stream "12353307825 - moving" [] []
[2025-07-09T14:25:25.226602+00:00] console-output.INFO:   => Imported activity stream "12353307825 - grade_smooth" [] []
[2025-07-09T14:25:35.385421+00:00] console-output.INFO:   => Imported activity stream "12289357869 - time" [] []
[2025-07-09T14:25:35.396197+00:00] console-output.INFO:   => Imported activity stream "12289357869 - distance" [] []
[2025-07-09T14:25:35.412310+00:00] console-output.INFO:   => Imported activity stream "12289357869 - latlng" [] []
[2025-07-09T14:25:35.421910+00:00] console-output.INFO:   => Imported activity stream "12289357869 - altitude" [] []
[2025-07-09T14:25:35.431467+00:00] console-output.INFO:   => Imported activity stream "12289357869 - velocity_smooth" [] []
[2025-07-09T14:25:35.438924+00:00] console-output.INFO:   => Imported activity stream "12289357869 - moving" [] []
[2025-07-09T14:25:35.447042+00:00] console-output.INFO:   => Imported activity stream "12289357869 - grade_smooth" [] []
[2025-07-09T14:25:45.727451+00:00] console-output.INFO:   => Imported activity stream "12217078088 - time" [] []
[2025-07-09T14:25:45.735371+00:00] console-output.INFO:   => Imported activity stream "12217078088 - distance" [] []
[2025-07-09T14:25:45.746198+00:00] console-output.INFO:   => Imported activity stream "12217078088 - latlng" [] []
[2025-07-09T14:25:45.753855+00:00] console-output.INFO:   => Imported activity stream "12217078088 - altitude" [] []
[2025-07-09T14:25:45.761365+00:00] console-output.INFO:   => Imported activity stream "12217078088 - velocity_smooth" [] []
[2025-07-09T14:25:45.768164+00:00] console-output.INFO:   => Imported activity stream "12217078088 - moving" [] []
[2025-07-09T14:25:45.775428+00:00] console-output.INFO:   => Imported activity stream "12217078088 - grade_smooth" [] []
[2025-07-09T14:25:56.011409+00:00] console-output.INFO:   => Imported activity stream "12171418545 - time" [] []
[2025-07-09T14:25:56.020289+00:00] console-output.INFO:   => Imported activity stream "12171418545 - distance" [] []
[2025-07-09T14:25:56.032896+00:00] console-output.INFO:   => Imported activity stream "12171418545 - latlng" [] []
[2025-07-09T14:25:56.041095+00:00] console-output.INFO:   => Imported activity stream "12171418545 - altitude" [] []
[2025-07-09T14:25:56.049471+00:00] console-output.INFO:   => Imported activity stream "12171418545 - velocity_smooth" [] []
[2025-07-09T14:25:56.056770+00:00] console-output.INFO:   => Imported activity stream "12171418545 - moving" [] []
[2025-07-09T14:25:56.064095+00:00] console-output.INFO:   => Imported activity stream "12171418545 - grade_smooth" [] []
[2025-07-09T14:26:06.231814+00:00] console-output.INFO:   => Imported activity stream "12149347551 - time" [] []
[2025-07-09T14:26:06.239991+00:00] console-output.INFO:   => Imported activity stream "12149347551 - distance" [] []
[2025-07-09T14:26:06.250782+00:00] console-output.INFO:   => Imported activity stream "12149347551 - latlng" [] []
[2025-07-09T14:26:06.258456+00:00] console-output.INFO:   => Imported activity stream "12149347551 - altitude" [] []
[2025-07-09T14:26:06.266169+00:00] console-output.INFO:   => Imported activity stream "12149347551 - velocity_smooth" [] []
[2025-07-09T14:26:06.272830+00:00] console-output.INFO:   => Imported activity stream "12149347551 - moving" [] []
[2025-07-09T14:26:06.279917+00:00] console-output.INFO:   => Imported activity stream "12149347551 - grade_smooth" [] []
[2025-07-09T14:26:16.461252+00:00] console-output.INFO:   => Imported activity stream "12112870414 - time" [] []
[2025-07-09T14:26:16.469945+00:00] console-output.INFO:   => Imported activity stream "12112870414 - distance" [] []
[2025-07-09T14:26:16.484654+00:00] console-output.INFO:   => Imported activity stream "12112870414 - latlng" [] []
[2025-07-09T14:26:16.492905+00:00] console-output.INFO:   => Imported activity stream "12112870414 - altitude" [] []
[2025-07-09T14:26:16.501865+00:00] console-output.INFO:   => Imported activity stream "12112870414 - velocity_smooth" [] []
[2025-07-09T14:26:16.508871+00:00] console-output.INFO:   => Imported activity stream "12112870414 - moving" [] []
[2025-07-09T14:26:16.516699+00:00] console-output.INFO:   => Imported activity stream "12112870414 - grade_smooth" [] []
[2025-07-09T14:26:26.743699+00:00] console-output.INFO:   => Imported activity stream "11923517787 - time" [] []
[2025-07-09T14:26:26.752012+00:00] console-output.INFO:   => Imported activity stream "11923517787 - distance" [] []
[2025-07-09T14:26:26.762641+00:00] console-output.INFO:   => Imported activity stream "11923517787 - latlng" [] []
[2025-07-09T14:26:26.770154+00:00] console-output.INFO:   => Imported activity stream "11923517787 - altitude" [] []
[2025-07-09T14:26:26.777238+00:00] console-output.INFO:   => Imported activity stream "11923517787 - velocity_smooth" [] []
[2025-07-09T14:26:26.783774+00:00] console-output.INFO:   => Imported activity stream "11923517787 - moving" [] []
[2025-07-09T14:26:26.791405+00:00] console-output.INFO:   => Imported activity stream "11923517787 - grade_smooth" [] []
[2025-07-09T14:26:37.037118+00:00] console-output.INFO:   => Imported activity stream "11849650432 - time" [] []
[2025-07-09T14:26:37.044944+00:00] console-output.INFO:   => Imported activity stream "11849650432 - distance" [] []
[2025-07-09T14:26:37.054603+00:00] console-output.INFO:   => Imported activity stream "11849650432 - latlng" [] []
[2025-07-09T14:26:37.061881+00:00] console-output.INFO:   => Imported activity stream "11849650432 - altitude" [] []
[2025-07-09T14:26:37.069175+00:00] console-output.INFO:   => Imported activity stream "11849650432 - velocity_smooth" [] []
[2025-07-09T14:26:37.075895+00:00] console-output.INFO:   => Imported activity stream "11849650432 - moving" [] []
[2025-07-09T14:26:37.084813+00:00] console-output.INFO:   => Imported activity stream "11849650432 - grade_smooth" [] []
[2025-07-09T14:26:47.296872+00:00] console-output.INFO:   => Imported activity stream "11813631869 - time" [] []
[2025-07-09T14:26:47.305599+00:00] console-output.INFO:   => Imported activity stream "11813631869 - distance" [] []
[2025-07-09T14:26:47.318819+00:00] console-output.INFO:   => Imported activity stream "11813631869 - latlng" [] []
[2025-07-09T14:26:47.327984+00:00] console-output.INFO:   => Imported activity stream "11813631869 - altitude" [] []
[2025-07-09T14:26:47.336507+00:00] console-output.INFO:   => Imported activity stream "11813631869 - velocity_smooth" [] []
[2025-07-09T14:26:47.343716+00:00] console-output.INFO:   => Imported activity stream "11813631869 - moving" [] []
[2025-07-09T14:26:47.351397+00:00] console-output.INFO:   => Imported activity stream "11813631869 - grade_smooth" [] []
[2025-07-09T14:26:57.702746+00:00] console-output.INFO:   => Imported activity stream "11677887695 - time" [] []
[2025-07-09T14:26:57.715035+00:00] console-output.INFO:   => Imported activity stream "11677887695 - distance" [] []
[2025-07-09T14:26:57.740163+00:00] console-output.INFO:   => Imported activity stream "11677887695 - latlng" [] []
[2025-07-09T14:26:57.757087+00:00] console-output.INFO:   => Imported activity stream "11677887695 - altitude" [] []
[2025-07-09T14:26:57.768859+00:00] console-output.INFO:   => Imported activity stream "11677887695 - velocity_smooth" [] []
[2025-07-09T14:26:57.777059+00:00] console-output.INFO:   => Imported activity stream "11677887695 - moving" [] []
[2025-07-09T14:26:57.790046+00:00] console-output.INFO:   => Imported activity stream "11677887695 - grade_smooth" [] []
[2025-07-09T14:27:08.036388+00:00] console-output.INFO:   => Imported activity stream "11651845993 - time" [] []
[2025-07-09T14:27:08.046116+00:00] console-output.INFO:   => Imported activity stream "11651845993 - distance" [] []
[2025-07-09T14:27:08.063378+00:00] console-output.INFO:   => Imported activity stream "11651845993 - latlng" [] []
[2025-07-09T14:27:08.072940+00:00] console-output.INFO:   => Imported activity stream "11651845993 - altitude" [] []
[2025-07-09T14:27:08.082461+00:00] console-output.INFO:   => Imported activity stream "11651845993 - velocity_smooth" [] []
[2025-07-09T14:27:08.090062+00:00] console-output.INFO:   => Imported activity stream "11651845993 - moving" [] []
[2025-07-09T14:27:08.097977+00:00] console-output.INFO:   => Imported activity stream "11651845993 - grade_smooth" [] []
[2025-07-09T14:27:18.395077+00:00] console-output.INFO:   => Imported activity stream "11647518061 - time" [] []
[2025-07-09T14:27:18.405440+00:00] console-output.INFO:   => Imported activity stream "11647518061 - distance" [] []
[2025-07-09T14:27:18.423722+00:00] console-output.INFO:   => Imported activity stream "11647518061 - latlng" [] []
[2025-07-09T14:27:18.433455+00:00] console-output.INFO:   => Imported activity stream "11647518061 - altitude" [] []
[2025-07-09T14:27:18.442964+00:00] console-output.INFO:   => Imported activity stream "11647518061 - velocity_smooth" [] []
[2025-07-09T14:27:18.450222+00:00] console-output.INFO:   => Imported activity stream "11647518061 - moving" [] []
[2025-07-09T14:27:18.458129+00:00] console-output.INFO:   => Imported activity stream "11647518061 - grade_smooth" [] []
[2025-07-09T14:27:28.667936+00:00] console-output.INFO:   => Imported activity stream "11646179041 - time" [] []
[2025-07-09T14:27:28.677134+00:00] console-output.INFO:   => Imported activity stream "11646179041 - distance" [] []
[2025-07-09T14:27:28.692078+00:00] console-output.INFO:   => Imported activity stream "11646179041 - latlng" [] []
[2025-07-09T14:27:28.700763+00:00] console-output.INFO:   => Imported activity stream "11646179041 - altitude" [] []
[2025-07-09T14:27:28.709009+00:00] console-output.INFO:   => Imported activity stream "11646179041 - velocity_smooth" [] []
[2025-07-09T14:27:28.716188+00:00] console-output.INFO:   => Imported activity stream "11646179041 - moving" [] []
[2025-07-09T14:27:28.723933+00:00] console-output.INFO:   => Imported activity stream "11646179041 - grade_smooth" [] []
[2025-07-09T14:27:38.910080+00:00] console-output.INFO:   => Imported activity stream "11615392067 - time" [] []
[2025-07-09T14:27:38.918951+00:00] console-output.INFO:   => Imported activity stream "11615392067 - distance" [] []
[2025-07-09T14:27:38.932173+00:00] console-output.INFO:   => Imported activity stream "11615392067 - latlng" [] []
[2025-07-09T14:27:38.939994+00:00] console-output.INFO:   => Imported activity stream "11615392067 - altitude" [] []
[2025-07-09T14:27:38.948257+00:00] console-output.INFO:   => Imported activity stream "11615392067 - velocity_smooth" [] []
[2025-07-09T14:27:38.954984+00:00] console-output.INFO:   => Imported activity stream "11615392067 - moving" [] []
[2025-07-09T14:27:38.962732+00:00] console-output.INFO:   => Imported activity stream "11615392067 - grade_smooth" [] []
[2025-07-09T14:27:49.175927+00:00] console-output.INFO:   => Imported activity stream "11605041774 - time" [] []
[2025-07-09T14:27:49.184741+00:00] console-output.INFO:   => Imported activity stream "11605041774 - distance" [] []
[2025-07-09T14:27:49.197163+00:00] console-output.INFO:   => Imported activity stream "11605041774 - latlng" [] []
[2025-07-09T14:27:49.206359+00:00] console-output.INFO:   => Imported activity stream "11605041774 - altitude" [] []
[2025-07-09T14:27:49.215279+00:00] console-output.INFO:   => Imported activity stream "11605041774 - velocity_smooth" [] []
[2025-07-09T14:27:49.222485+00:00] console-output.INFO:   => Imported activity stream "11605041774 - moving" [] []
[2025-07-09T14:27:49.230542+00:00] console-output.INFO:   => Imported activity stream "11605041774 - grade_smooth" [] []
[2025-07-09T14:27:59.476115+00:00] console-output.INFO:   => Imported activity stream "11598664287 - time" [] []
[2025-07-09T14:27:59.483454+00:00] console-output.INFO:   => Imported activity stream "11598664287 - distance" [] []
[2025-07-09T14:27:59.492183+00:00] console-output.INFO:   => Imported activity stream "11598664287 - latlng" [] []
[2025-07-09T14:27:59.499215+00:00] console-output.INFO:   => Imported activity stream "11598664287 - altitude" [] []
[2025-07-09T14:27:59.506400+00:00] console-output.INFO:   => Imported activity stream "11598664287 - velocity_smooth" [] []
[2025-07-09T14:27:59.514304+00:00] console-output.INFO:   => Imported activity stream "11598664287 - moving" [] []
[2025-07-09T14:27:59.521303+00:00] console-output.INFO:   => Imported activity stream "11598664287 - grade_smooth" [] []
[2025-07-09T14:28:09.679180+00:00] console-output.INFO:   => Imported activity stream "11528462845 - time" [] []
[2025-07-09T14:28:09.688917+00:00] console-output.INFO:   => Imported activity stream "11528462845 - distance" [] []
[2025-07-09T14:28:09.702014+00:00] console-output.INFO:   => Imported activity stream "11528462845 - latlng" [] []
[2025-07-09T14:28:09.710759+00:00] console-output.INFO:   => Imported activity stream "11528462845 - altitude" [] []
[2025-07-09T14:28:09.718176+00:00] console-output.INFO:   => Imported activity stream "11528462845 - velocity_smooth" [] []
[2025-07-09T14:28:09.724979+00:00] console-output.INFO:   => Imported activity stream "11528462845 - moving" [] []
[2025-07-09T14:28:09.732581+00:00] console-output.INFO:   => Imported activity stream "11528462845 - grade_smooth" [] []
[2025-07-09T14:28:19.874187+00:00] console-output.INFO:   => Imported activity stream "11466882689 - time" [] []
[2025-07-09T14:28:19.882356+00:00] console-output.INFO:   => Imported activity stream "11466882689 - distance" [] []
[2025-07-09T14:28:19.895477+00:00] console-output.INFO:   => Imported activity stream "11466882689 - latlng" [] []
[2025-07-09T14:28:19.903892+00:00] console-output.INFO:   => Imported activity stream "11466882689 - altitude" [] []
[2025-07-09T14:28:19.911835+00:00] console-output.INFO:   => Imported activity stream "11466882689 - velocity_smooth" [] []
[2025-07-09T14:28:19.920842+00:00] console-output.INFO:   => Imported activity stream "11466882689 - moving" [] []
[2025-07-09T14:28:19.927984+00:00] console-output.INFO:   => Imported activity stream "11466882689 - grade_smooth" [] []
[2025-07-09T14:28:30.118279+00:00] console-output.INFO:   => Imported activity stream "11420229109 - time" [] []
[2025-07-09T14:28:30.125772+00:00] console-output.INFO:   => Imported activity stream "11420229109 - distance" [] []
[2025-07-09T14:28:30.134913+00:00] console-output.INFO:   => Imported activity stream "11420229109 - latlng" [] []
[2025-07-09T14:28:30.142401+00:00] console-output.INFO:   => Imported activity stream "11420229109 - altitude" [] []
[2025-07-09T14:28:30.149854+00:00] console-output.INFO:   => Imported activity stream "11420229109 - velocity_smooth" [] []
[2025-07-09T14:28:30.156610+00:00] console-output.INFO:   => Imported activity stream "11420229109 - moving" [] []
[2025-07-09T14:28:30.163507+00:00] console-output.INFO:   => Imported activity stream "11420229109 - grade_smooth" [] []
[2025-07-09T14:28:40.321716+00:00] console-output.INFO:   => Imported activity stream "11330285901 - time" [] []
[2025-07-09T14:28:40.329557+00:00] console-output.INFO:   => Imported activity stream "11330285901 - distance" [] []
[2025-07-09T14:28:40.344361+00:00] console-output.INFO:   => Imported activity stream "11330285901 - latlng" [] []
[2025-07-09T14:28:40.356754+00:00] console-output.INFO:   => Imported activity stream "11330285901 - altitude" [] []
[2025-07-09T14:28:40.367315+00:00] console-output.INFO:   => Imported activity stream "11330285901 - velocity_smooth" [] []
[2025-07-09T14:28:40.377102+00:00] console-output.INFO:   => Imported activity stream "11330285901 - moving" [] []
[2025-07-09T14:28:40.388427+00:00] console-output.INFO:   => Imported activity stream "11330285901 - grade_smooth" [] []
[2025-07-09T14:28:50.546993+00:00] console-output.INFO:   => Imported activity stream "11271177625 - time" [] []
[2025-07-09T14:28:50.557451+00:00] console-output.INFO:   => Imported activity stream "11271177625 - distance" [] []
[2025-07-09T14:28:50.567400+00:00] console-output.INFO:   => Imported activity stream "11271177625 - latlng" [] []
[2025-07-09T14:28:50.575877+00:00] console-output.INFO:   => Imported activity stream "11271177625 - altitude" [] []
[2025-07-09T14:28:50.583697+00:00] console-output.INFO:   => Imported activity stream "11271177625 - velocity_smooth" [] []
[2025-07-09T14:28:50.594115+00:00] console-output.INFO:   => Imported activity stream "11271177625 - moving" [] []
[2025-07-09T14:28:50.601759+00:00] console-output.INFO:   => Imported activity stream "11271177625 - grade_smooth" [] []
[2025-07-09T14:29:00.948416+00:00] console-output.INFO:   => Imported activity stream "11208987379 - time" [] []
[2025-07-09T14:29:00.955930+00:00] console-output.INFO:   => Imported activity stream "11208987379 - distance" [] []
[2025-07-09T14:29:00.966944+00:00] console-output.INFO:   => Imported activity stream "11208987379 - latlng" [] []
[2025-07-09T14:29:00.974690+00:00] console-output.INFO:   => Imported activity stream "11208987379 - altitude" [] []
[2025-07-09T14:29:00.984554+00:00] console-output.INFO:   => Imported activity stream "11208987379 - velocity_smooth" [] []
[2025-07-09T14:29:00.991516+00:00] console-output.INFO:   => Imported activity stream "11208987379 - moving" [] []
[2025-07-09T14:29:01.001019+00:00] console-output.INFO:   => Imported activity stream "11208987379 - grade_smooth" [] []
[2025-07-09T14:29:11.165375+00:00] console-output.INFO:   => Imported activity stream "11153167411 - time" [] []
[2025-07-09T14:29:11.172754+00:00] console-output.INFO:   => Imported activity stream "11153167411 - distance" [] []
[2025-07-09T14:29:11.182585+00:00] console-output.INFO:   => Imported activity stream "11153167411 - latlng" [] []
[2025-07-09T14:29:11.189925+00:00] console-output.INFO:   => Imported activity stream "11153167411 - altitude" [] []
[2025-07-09T14:29:11.197595+00:00] console-output.INFO:   => Imported activity stream "11153167411 - velocity_smooth" [] []
[2025-07-09T14:29:11.204394+00:00] console-output.INFO:   => Imported activity stream "11153167411 - moving" [] []
[2025-07-09T14:29:11.211582+00:00] console-output.INFO:   => Imported activity stream "11153167411 - grade_smooth" [] []
[2025-07-09T14:29:21.366816+00:00] console-output.INFO:   => Imported activity stream "11122158575 - time" [] []
[2025-07-09T14:29:21.374846+00:00] console-output.INFO:   => Imported activity stream "11122158575 - distance" [] []
[2025-07-09T14:29:21.386427+00:00] console-output.INFO:   => Imported activity stream "11122158575 - latlng" [] []
[2025-07-09T14:29:21.394305+00:00] console-output.INFO:   => Imported activity stream "11122158575 - altitude" [] []
[2025-07-09T14:29:21.402145+00:00] console-output.INFO:   => Imported activity stream "11122158575 - velocity_smooth" [] []
[2025-07-09T14:29:21.408994+00:00] console-output.INFO:   => Imported activity stream "11122158575 - moving" [] []
[2025-07-09T14:29:21.416426+00:00] console-output.INFO:   => Imported activity stream "11122158575 - grade_smooth" [] []
[2025-07-09T14:29:31.584473+00:00] console-output.INFO:   => Imported activity stream "11058170329 - time" [] []
[2025-07-09T14:29:31.592797+00:00] console-output.INFO:   => Imported activity stream "11058170329 - distance" [] []
[2025-07-09T14:29:31.604309+00:00] console-output.INFO:   => Imported activity stream "11058170329 - latlng" [] []
[2025-07-09T14:29:31.614022+00:00] console-output.INFO:   => Imported activity stream "11058170329 - altitude" [] []
[2025-07-09T14:29:31.624072+00:00] console-output.INFO:   => Imported activity stream "11058170329 - velocity_smooth" [] []
[2025-07-09T14:29:31.632887+00:00] console-output.INFO:   => Imported activity stream "11058170329 - moving" [] []
[2025-07-09T14:29:31.642211+00:00] console-output.INFO:   => Imported activity stream "11058170329 - grade_smooth" [] []
[2025-07-09T14:29:41.767762+00:00] console-output.INFO:   => Imported activity stream "10891397607 - time" [] []
[2025-07-09T14:29:41.775268+00:00] console-output.INFO:   => Imported activity stream "10891397607 - distance" [] []
[2025-07-09T14:29:41.785540+00:00] console-output.INFO:   => Imported activity stream "10891397607 - latlng" [] []
[2025-07-09T14:29:41.793278+00:00] console-output.INFO:   => Imported activity stream "10891397607 - altitude" [] []
[2025-07-09T14:29:41.802359+00:00] console-output.INFO:   => Imported activity stream "10891397607 - velocity_smooth" [] []
[2025-07-09T14:29:41.809851+00:00] console-output.INFO:   => Imported activity stream "10891397607 - moving" [] []
[2025-07-09T14:29:41.817076+00:00] console-output.INFO:   => Imported activity stream "10891397607 - grade_smooth" [] []
[2025-07-09T14:29:52.123890+00:00] console-output.INFO:   => Imported activity stream "10426048522 - time" [] []
[2025-07-09T14:29:52.133362+00:00] console-output.INFO:   => Imported activity stream "10426048522 - distance" [] []
[2025-07-09T14:29:52.153553+00:00] console-output.INFO:   => Imported activity stream "10426048522 - latlng" [] []
[2025-07-09T14:29:52.162306+00:00] console-output.INFO:   => Imported activity stream "10426048522 - altitude" [] []
[2025-07-09T14:29:52.171048+00:00] console-output.INFO:   => Imported activity stream "10426048522 - velocity_smooth" [] []
[2025-07-09T14:29:52.178461+00:00] console-output.INFO:   => Imported activity stream "10426048522 - moving" [] []
[2025-07-09T14:29:52.188015+00:00] console-output.INFO:   => Imported activity stream "10426048522 - grade_smooth" [] []
[2025-07-09T14:30:02.532754+00:00] console-output.INFO:   => Imported activity stream "9739745786 - time" [] []
[2025-07-09T14:30:02.542909+00:00] console-output.INFO:   => Imported activity stream "9739745786 - distance" [] []
[2025-07-09T14:30:02.556761+00:00] console-output.INFO:   => Imported activity stream "9739745786 - latlng" [] []
[2025-07-09T14:30:02.564488+00:00] console-output.INFO:   => Imported activity stream "9739745786 - altitude" [] []
[2025-07-09T14:30:02.572649+00:00] console-output.INFO:   => Imported activity stream "9739745786 - velocity_smooth" [] []
[2025-07-09T14:30:02.579784+00:00] console-output.INFO:   => Imported activity stream "9739745786 - moving" [] []
[2025-07-09T14:30:02.587754+00:00] console-output.INFO:   => Imported activity stream "9739745786 - grade_smooth" [] []
[2025-07-09T14:30:12.751406+00:00] console-output.INFO:   => Imported activity stream "9655596785 - time" [] []
[2025-07-09T14:30:12.759759+00:00] console-output.INFO:   => Imported activity stream "9655596785 - distance" [] []
[2025-07-09T14:30:12.771659+00:00] console-output.INFO:   => Imported activity stream "9655596785 - latlng" [] []
[2025-07-09T14:30:12.779892+00:00] console-output.INFO:   => Imported activity stream "9655596785 - altitude" [] []
[2025-07-09T14:30:12.788414+00:00] console-output.INFO:   => Imported activity stream "9655596785 - velocity_smooth" [] []
[2025-07-09T14:30:12.795077+00:00] console-output.INFO:   => Imported activity stream "9655596785 - moving" [] []
[2025-07-09T14:30:12.802600+00:00] console-output.INFO:   => Imported activity stream "9655596785 - grade_smooth" [] []
[2025-07-09T14:30:23.007607+00:00] console-output.INFO:   => Imported activity stream "9578015605 - time" [] []
[2025-07-09T14:30:23.016055+00:00] console-output.INFO:   => Imported activity stream "9578015605 - distance" [] []
[2025-07-09T14:30:23.028116+00:00] console-output.INFO:   => Imported activity stream "9578015605 - latlng" [] []
[2025-07-09T14:30:23.035981+00:00] console-output.INFO:   => Imported activity stream "9578015605 - altitude" [] []
[2025-07-09T14:30:23.044054+00:00] console-output.INFO:   => Imported activity stream "9578015605 - velocity_smooth" [] []
[2025-07-09T14:30:23.051041+00:00] console-output.INFO:   => Imported activity stream "9578015605 - moving" [] []
[2025-07-09T14:30:23.058728+00:00] console-output.INFO:   => Imported activity stream "9578015605 - grade_smooth" [] []
[2025-07-09T14:30:33.236546+00:00] console-output.INFO:   => Imported activity stream "9528689032 - time" [] []
[2025-07-09T14:30:33.244887+00:00] console-output.INFO:   => Imported activity stream "9528689032 - distance" [] []
[2025-07-09T14:30:33.257170+00:00] console-output.INFO:   => Imported activity stream "9528689032 - latlng" [] []
[2025-07-09T14:30:33.265442+00:00] console-output.INFO:   => Imported activity stream "9528689032 - altitude" [] []
[2025-07-09T14:30:33.273389+00:00] console-output.INFO:   => Imported activity stream "9528689032 - velocity_smooth" [] []
[2025-07-09T14:30:33.280882+00:00] console-output.INFO:   => Imported activity stream "9528689032 - moving" [] []
[2025-07-09T14:30:33.289092+00:00] console-output.INFO:   => Imported activity stream "9528689032 - grade_smooth" [] []
[2025-07-09T14:30:43.549691+00:00] console-output.INFO:   => Imported activity stream "9458231527 - time" [] []
[2025-07-09T14:30:43.562891+00:00] console-output.INFO:   => Imported activity stream "9458231527 - distance" [] []
[2025-07-09T14:30:43.581309+00:00] console-output.INFO:   => Imported activity stream "9458231527 - latlng" [] []
[2025-07-09T14:30:43.592144+00:00] console-output.INFO:   => Imported activity stream "9458231527 - altitude" [] []
[2025-07-09T14:30:43.602186+00:00] console-output.INFO:   => Imported activity stream "9458231527 - velocity_smooth" [] []
[2025-07-09T14:30:43.610156+00:00] console-output.INFO:   => Imported activity stream "9458231527 - moving" [] []
[2025-07-09T14:30:43.619911+00:00] console-output.INFO:   => Imported activity stream "9458231527 - grade_smooth" [] []
[2025-07-09T14:30:53.760907+00:00] console-output.INFO:   => Imported activity stream "9402783735 - time" [] []
[2025-07-09T14:30:53.769675+00:00] console-output.INFO:   => Imported activity stream "9402783735 - distance" [] []
[2025-07-09T14:30:53.782318+00:00] console-output.INFO:   => Imported activity stream "9402783735 - latlng" [] []
[2025-07-09T14:30:53.795683+00:00] console-output.INFO:   => Imported activity stream "9402783735 - altitude" [] []
[2025-07-09T14:30:53.803939+00:00] console-output.INFO:   => Imported activity stream "9402783735 - velocity_smooth" [] []
[2025-07-09T14:30:53.811001+00:00] console-output.INFO:   => Imported activity stream "9402783735 - moving" [] []
[2025-07-09T14:30:53.818963+00:00] console-output.INFO:   => Imported activity stream "9402783735 - grade_smooth" [] []
[2025-07-09T14:31:04.060325+00:00] console-output.INFO:   => Imported activity stream "9310396076 - time" [] []
[2025-07-09T14:31:04.069823+00:00] console-output.INFO:   => Imported activity stream "9310396076 - distance" [] []
[2025-07-09T14:31:04.079516+00:00] console-output.INFO:   => Imported activity stream "9310396076 - latlng" [] []
[2025-07-09T14:31:04.086847+00:00] console-output.INFO:   => Imported activity stream "9310396076 - altitude" [] []
[2025-07-09T14:31:04.094252+00:00] console-output.INFO:   => Imported activity stream "9310396076 - velocity_smooth" [] []
[2025-07-09T14:31:04.100811+00:00] console-output.INFO:   => Imported activity stream "9310396076 - moving" [] []
[2025-07-09T14:31:04.107905+00:00] console-output.INFO:   => Imported activity stream "9310396076 - grade_smooth" [] []
[2025-07-09T14:31:14.279230+00:00] console-output.INFO:   => Imported activity stream "9285160422 - time" [] []
[2025-07-09T14:31:14.287235+00:00] console-output.INFO:   => Imported activity stream "9285160422 - distance" [] []
[2025-07-09T14:31:14.298466+00:00] console-output.INFO:   => Imported activity stream "9285160422 - latlng" [] []
[2025-07-09T14:31:14.306886+00:00] console-output.INFO:   => Imported activity stream "9285160422 - altitude" [] []
[2025-07-09T14:31:14.314789+00:00] console-output.INFO:   => Imported activity stream "9285160422 - velocity_smooth" [] []
[2025-07-09T14:31:14.321848+00:00] console-output.INFO:   => Imported activity stream "9285160422 - moving" [] []
[2025-07-09T14:31:14.329500+00:00] console-output.INFO:   => Imported activity stream "9285160422 - grade_smooth" [] []
[2025-07-09T14:31:24.544150+00:00] console-output.INFO:   => Imported activity stream "8698336923 - time" [] []
[2025-07-09T14:31:24.552492+00:00] console-output.INFO:   => Imported activity stream "8698336923 - distance" [] []
[2025-07-09T14:31:24.564205+00:00] console-output.INFO:   => Imported activity stream "8698336923 - latlng" [] []
[2025-07-09T14:31:24.571938+00:00] console-output.INFO:   => Imported activity stream "8698336923 - altitude" [] []
[2025-07-09T14:31:24.579623+00:00] console-output.INFO:   => Imported activity stream "8698336923 - velocity_smooth" [] []
[2025-07-09T14:31:24.586222+00:00] console-output.INFO:   => Imported activity stream "8698336923 - moving" [] []
[2025-07-09T14:31:24.593542+00:00] console-output.INFO:   => Imported activity stream "8698336923 - grade_smooth" [] []
[2025-07-09T14:31:34.830836+00:00] console-output.INFO:   => Imported activity stream "8686653972 - time" [] []
[2025-07-09T14:31:34.839794+00:00] console-output.INFO:   => Imported activity stream "8686653972 - distance" [] []
[2025-07-09T14:31:34.854005+00:00] console-output.INFO:   => Imported activity stream "8686653972 - latlng" [] []
[2025-07-09T14:31:34.862009+00:00] console-output.INFO:   => Imported activity stream "8686653972 - altitude" [] []
[2025-07-09T14:31:34.870694+00:00] console-output.INFO:   => Imported activity stream "8686653972 - velocity_smooth" [] []
[2025-07-09T14:31:34.877773+00:00] console-output.INFO:   => Imported activity stream "8686653972 - moving" [] []
[2025-07-09T14:31:34.885529+00:00] console-output.INFO:   => Imported activity stream "8686653972 - grade_smooth" [] []
[2025-07-09T14:31:45.142010+00:00] console-output.INFO:   => Imported activity stream "8628462041 - time" [] []
[2025-07-09T14:31:45.150948+00:00] console-output.INFO:   => Imported activity stream "8628462041 - distance" [] []
[2025-07-09T14:31:45.164999+00:00] console-output.INFO:   => Imported activity stream "8628462041 - latlng" [] []
[2025-07-09T14:31:45.173352+00:00] console-output.INFO:   => Imported activity stream "8628462041 - altitude" [] []
[2025-07-09T14:31:45.181975+00:00] console-output.INFO:   => Imported activity stream "8628462041 - velocity_smooth" [] []
[2025-07-09T14:31:45.188911+00:00] console-output.INFO:   => Imported activity stream "8628462041 - moving" [] []
[2025-07-09T14:31:45.196587+00:00] console-output.INFO:   => Imported activity stream "8628462041 - grade_smooth" [] []
[2025-07-09T14:31:55.455630+00:00] console-output.INFO:   => Imported activity stream "8553688268 - time" [] []
[2025-07-09T14:31:55.465397+00:00] console-output.INFO:   => Imported activity stream "8553688268 - distance" [] []
[2025-07-09T14:31:55.478414+00:00] console-output.INFO:   => Imported activity stream "8553688268 - latlng" [] []
[2025-07-09T14:31:55.486088+00:00] console-output.INFO:   => Imported activity stream "8553688268 - altitude" [] []
[2025-07-09T14:31:55.493854+00:00] console-output.INFO:   => Imported activity stream "8553688268 - velocity_smooth" [] []
[2025-07-09T14:31:55.500854+00:00] console-output.INFO:   => Imported activity stream "8553688268 - moving" [] []
[2025-07-09T14:31:55.508531+00:00] console-output.INFO:   => Imported activity stream "8553688268 - grade_smooth" [] []
[2025-07-09T14:32:05.727221+00:00] console-output.INFO:   => Imported activity stream "8430192184 - time" [] []
[2025-07-09T14:32:05.735679+00:00] console-output.INFO:   => Imported activity stream "8430192184 - distance" [] []
[2025-07-09T14:32:05.748019+00:00] console-output.INFO:   => Imported activity stream "8430192184 - latlng" [] []
[2025-07-09T14:32:05.756210+00:00] console-output.INFO:   => Imported activity stream "8430192184 - altitude" [] []
[2025-07-09T14:32:05.764196+00:00] console-output.INFO:   => Imported activity stream "8430192184 - velocity_smooth" [] []
[2025-07-09T14:32:05.771038+00:00] console-output.INFO:   => Imported activity stream "8430192184 - moving" [] []
[2025-07-09T14:32:05.778450+00:00] console-output.INFO:   => Imported activity stream "8430192184 - grade_smooth" [] []
[2025-07-09T14:32:16.043294+00:00] console-output.INFO:   => Imported activity stream "8419462379 - time" [] []
[2025-07-09T14:32:16.057172+00:00] console-output.INFO:   => Imported activity stream "8419462379 - distance" [] []
[2025-07-09T14:32:16.075889+00:00] console-output.INFO:   => Imported activity stream "8419462379 - latlng" [] []
[2025-07-09T14:32:16.087874+00:00] console-output.INFO:   => Imported activity stream "8419462379 - altitude" [] []
[2025-07-09T14:32:16.098137+00:00] console-output.INFO:   => Imported activity stream "8419462379 - velocity_smooth" [] []
[2025-07-09T14:32:16.105880+00:00] console-output.INFO:   => Imported activity stream "8419462379 - moving" [] []
[2025-07-09T14:32:16.114765+00:00] console-output.INFO:   => Imported activity stream "8419462379 - grade_smooth" [] []
[2025-07-09T14:32:26.294901+00:00] console-output.INFO:   => Imported activity stream "8408779377 - time" [] []
[2025-07-09T14:32:26.305788+00:00] console-output.INFO:   => Imported activity stream "8408779377 - distance" [] []
[2025-07-09T14:32:26.324829+00:00] console-output.INFO:   => Imported activity stream "8408779377 - latlng" [] []
[2025-07-09T14:32:26.335203+00:00] console-output.INFO:   => Imported activity stream "8408779377 - altitude" [] []
[2025-07-09T14:32:26.345881+00:00] console-output.INFO:   => Imported activity stream "8408779377 - velocity_smooth" [] []
[2025-07-09T14:32:26.353526+00:00] console-output.INFO:   => Imported activity stream "8408779377 - moving" [] []
[2025-07-09T14:32:26.362684+00:00] console-output.INFO:   => Imported activity stream "8408779377 - grade_smooth" [] []
[2025-07-09T14:32:36.747305+00:00] console-output.INFO:   => Imported activity stream "8387228809 - time" [] []
[2025-07-09T14:32:36.758244+00:00] console-output.INFO:   => Imported activity stream "8387228809 - distance" [] []
[2025-07-09T14:32:36.776655+00:00] console-output.INFO:   => Imported activity stream "8387228809 - latlng" [] []
[2025-07-09T14:32:36.786253+00:00] console-output.INFO:   => Imported activity stream "8387228809 - altitude" [] []
[2025-07-09T14:32:36.796009+00:00] console-output.INFO:   => Imported activity stream "8387228809 - velocity_smooth" [] []
[2025-07-09T14:32:36.803535+00:00] console-output.INFO:   => Imported activity stream "8387228809 - moving" [] []
[2025-07-09T14:32:36.811727+00:00] console-output.INFO:   => Imported activity stream "8387228809 - grade_smooth" [] []
[2025-07-09T14:32:47.045530+00:00] console-output.INFO:   => Imported activity stream "8377124406 - time" [] []
[2025-07-09T14:32:47.054794+00:00] console-output.INFO:   => Imported activity stream "8377124406 - distance" [] []
[2025-07-09T14:32:47.068861+00:00] console-output.INFO:   => Imported activity stream "8377124406 - latlng" [] []
[2025-07-09T14:32:47.077156+00:00] console-output.INFO:   => Imported activity stream "8377124406 - altitude" [] []
[2025-07-09T14:32:47.085793+00:00] console-output.INFO:   => Imported activity stream "8377124406 - velocity_smooth" [] []
[2025-07-09T14:32:47.092827+00:00] console-output.INFO:   => Imported activity stream "8377124406 - moving" [] []
[2025-07-09T14:32:47.100915+00:00] console-output.INFO:   => Imported activity stream "8377124406 - grade_smooth" [] []
[2025-07-09T14:32:57.347546+00:00] console-output.INFO:   => Imported activity stream "8371243985 - time" [] []
[2025-07-09T14:32:57.358871+00:00] console-output.INFO:   => Imported activity stream "8371243985 - distance" [] []
[2025-07-09T14:32:57.379377+00:00] console-output.INFO:   => Imported activity stream "8371243985 - latlng" [] []
[2025-07-09T14:32:57.390335+00:00] console-output.INFO:   => Imported activity stream "8371243985 - altitude" [] []
[2025-07-09T14:32:57.401288+00:00] console-output.INFO:   => Imported activity stream "8371243985 - velocity_smooth" [] []
[2025-07-09T14:32:57.408841+00:00] console-output.INFO:   => Imported activity stream "8371243985 - moving" [] []
[2025-07-09T14:32:57.417642+00:00] console-output.INFO:   => Imported activity stream "8371243985 - grade_smooth" [] []
[2025-07-09T14:33:07.575458+00:00] console-output.INFO:   => Imported activity stream "8162457331 - time" [] []
[2025-07-09T14:33:07.583789+00:00] console-output.INFO:   => Imported activity stream "8162457331 - distance" [] []
[2025-07-09T14:33:07.598663+00:00] console-output.INFO:   => Imported activity stream "8162457331 - latlng" [] []
[2025-07-09T14:33:07.607531+00:00] console-output.INFO:   => Imported activity stream "8162457331 - altitude" [] []
[2025-07-09T14:33:07.615324+00:00] console-output.INFO:   => Imported activity stream "8162457331 - velocity_smooth" [] []
[2025-07-09T14:33:07.622626+00:00] console-output.INFO:   => Imported activity stream "8162457331 - moving" [] []
[2025-07-09T14:33:07.630234+00:00] console-output.INFO:   => Imported activity stream "8162457331 - grade_smooth" [] []
[2025-07-09T14:33:17.888480+00:00] console-output.INFO:   => Imported activity stream "8127318957 - time" [] []
[2025-07-09T14:33:17.897522+00:00] console-output.INFO:   => Imported activity stream "8127318957 - distance" [] []
[2025-07-09T14:33:17.911485+00:00] console-output.INFO:   => Imported activity stream "8127318957 - latlng" [] []
[2025-07-09T14:33:17.919625+00:00] console-output.INFO:   => Imported activity stream "8127318957 - altitude" [] []
[2025-07-09T14:33:17.927810+00:00] console-output.INFO:   => Imported activity stream "8127318957 - velocity_smooth" [] []
[2025-07-09T14:33:17.936793+00:00] console-output.INFO:   => Imported activity stream "8127318957 - moving" [] []
[2025-07-09T14:33:17.943868+00:00] console-output.INFO:   => Imported activity stream "8127318957 - grade_smooth" [] []
[2025-07-09T14:33:28.241199+00:00] console-output.INFO:   => Imported activity stream "8024466042 - time" [] []
[2025-07-09T14:33:28.249807+00:00] console-output.INFO:   => Imported activity stream "8024466042 - distance" [] []
[2025-07-09T14:33:28.261734+00:00] console-output.INFO:   => Imported activity stream "8024466042 - latlng" [] []
[2025-07-09T14:33:28.269724+00:00] console-output.INFO:   => Imported activity stream "8024466042 - altitude" [] []
[2025-07-09T14:33:28.277779+00:00] console-output.INFO:   => Imported activity stream "8024466042 - velocity_smooth" [] []
[2025-07-09T14:33:28.285160+00:00] console-output.INFO:   => Imported activity stream "8024466042 - moving" [] []
[2025-07-09T14:33:28.292890+00:00] console-output.INFO:   => Imported activity stream "8024466042 - grade_smooth" [] []
[2025-07-09T14:33:38.547902+00:00] console-output.INFO:   => Imported activity stream "7639290795 - time" [] []
[2025-07-09T14:33:38.559634+00:00] console-output.INFO:   => Imported activity stream "7639290795 - distance" [] []
[2025-07-09T14:33:38.582164+00:00] console-output.INFO:   => Imported activity stream "7639290795 - latlng" [] []
[2025-07-09T14:33:38.591721+00:00] console-output.INFO:   => Imported activity stream "7639290795 - altitude" [] []
[2025-07-09T14:33:38.603763+00:00] console-output.INFO:   => Imported activity stream "7639290795 - velocity_smooth" [] []
[2025-07-09T14:33:38.611778+00:00] console-output.INFO:   => Imported activity stream "7639290795 - moving" [] []
[2025-07-09T14:33:38.625777+00:00] console-output.INFO:   => Imported activity stream "7639290795 - grade_smooth" [] []
[2025-07-09T14:33:49.141633+00:00] console-output.INFO:   => Imported activity stream "7638101831 - time" [] []
[2025-07-09T14:33:49.155697+00:00] console-output.INFO:   => Imported activity stream "7638101831 - distance" [] []
[2025-07-09T14:33:49.180070+00:00] console-output.INFO:   => Imported activity stream "7638101831 - latlng" [] []
[2025-07-09T14:33:49.192239+00:00] console-output.INFO:   => Imported activity stream "7638101831 - altitude" [] []
[2025-07-09T14:33:49.202736+00:00] console-output.INFO:   => Imported activity stream "7638101831 - velocity_smooth" [] []
[2025-07-09T14:33:49.210147+00:00] console-output.INFO:   => Imported activity stream "7638101831 - moving" [] []
[2025-07-09T14:33:49.221847+00:00] console-output.INFO:   => Imported activity stream "7638101831 - grade_smooth" [] []
[2025-07-09T14:33:59.465133+00:00] console-output.INFO:   => Imported activity stream "7433011355 - time" [] []
[2025-07-09T14:33:59.472257+00:00] console-output.INFO:   => Imported activity stream "7433011355 - distance" [] []
[2025-07-09T14:33:59.483180+00:00] console-output.INFO:   => Imported activity stream "7433011355 - latlng" [] []
[2025-07-09T14:33:59.490193+00:00] console-output.INFO:   => Imported activity stream "7433011355 - altitude" [] []
[2025-07-09T14:33:59.496946+00:00] console-output.INFO:   => Imported activity stream "7433011355 - velocity_smooth" [] []
[2025-07-09T14:33:59.502609+00:00] console-output.INFO:   => Imported activity stream "7433011355 - moving" [] []
[2025-07-09T14:33:59.508746+00:00] console-output.INFO:   => Imported activity stream "7433011355 - grade_smooth" [] []
[2025-07-09T14:34:09.695425+00:00] console-output.INFO:   => Imported activity stream "7326205700 - time" [] []
[2025-07-09T14:34:09.704812+00:00] console-output.INFO:   => Imported activity stream "7326205700 - distance" [] []
[2025-07-09T14:34:09.718381+00:00] console-output.INFO:   => Imported activity stream "7326205700 - latlng" [] []
[2025-07-09T14:34:09.727051+00:00] console-output.INFO:   => Imported activity stream "7326205700 - altitude" [] []
[2025-07-09T14:34:09.737777+00:00] console-output.INFO:   => Imported activity stream "7326205700 - velocity_smooth" [] []
[2025-07-09T14:34:09.744903+00:00] console-output.INFO:   => Imported activity stream "7326205700 - moving" [] []
[2025-07-09T14:34:09.752476+00:00] console-output.INFO:   => Imported activity stream "7326205700 - grade_smooth" [] []
[2025-07-09T14:34:19.948097+00:00] console-output.INFO:   => Imported activity stream "7283283660 - time" [] []
[2025-07-09T14:34:19.956895+00:00] console-output.INFO:   => Imported activity stream "7283283660 - distance" [] []
[2025-07-09T14:34:19.970101+00:00] console-output.INFO:   => Imported activity stream "7283283660 - latlng" [] []
[2025-07-09T14:34:19.978889+00:00] console-output.INFO:   => Imported activity stream "7283283660 - altitude" [] []
[2025-07-09T14:34:19.987752+00:00] console-output.INFO:   => Imported activity stream "7283283660 - velocity_smooth" [] []
[2025-07-09T14:34:19.996905+00:00] console-output.INFO:   => Imported activity stream "7283283660 - moving" [] []
[2025-07-09T14:34:20.004540+00:00] console-output.INFO:   => Imported activity stream "7283283660 - grade_smooth" [] []
[2025-07-09T14:34:30.176361+00:00] console-output.INFO:   => Imported activity stream "7159810284 - time" [] []
[2025-07-09T14:34:30.183826+00:00] console-output.INFO:   => Imported activity stream "7159810284 - distance" [] []
[2025-07-09T14:34:30.193718+00:00] console-output.INFO:   => Imported activity stream "7159810284 - latlng" [] []
[2025-07-09T14:34:30.201346+00:00] console-output.INFO:   => Imported activity stream "7159810284 - altitude" [] []
[2025-07-09T14:34:30.208760+00:00] console-output.INFO:   => Imported activity stream "7159810284 - velocity_smooth" [] []
[2025-07-09T14:34:30.215494+00:00] console-output.INFO:   => Imported activity stream "7159810284 - moving" [] []
[2025-07-09T14:34:30.222668+00:00] console-output.INFO:   => Imported activity stream "7159810284 - grade_smooth" [] []
[2025-07-09T14:34:40.470966+00:00] console-output.INFO:   => Imported activity stream "7143987676 - time" [] []
[2025-07-09T14:34:40.479536+00:00] console-output.INFO:   => Imported activity stream "7143987676 - distance" [] []
[2025-07-09T14:34:40.492046+00:00] console-output.INFO:   => Imported activity stream "7143987676 - latlng" [] []
[2025-07-09T14:34:40.500806+00:00] console-output.INFO:   => Imported activity stream "7143987676 - altitude" [] []
[2025-07-09T14:34:40.509217+00:00] console-output.INFO:   => Imported activity stream "7143987676 - velocity_smooth" [] []
[2025-07-09T14:34:40.516319+00:00] console-output.INFO:   => Imported activity stream "7143987676 - moving" [] []
[2025-07-09T14:34:40.523938+00:00] console-output.INFO:   => Imported activity stream "7143987676 - grade_smooth" [] []
[2025-07-09T14:34:50.716650+00:00] console-output.INFO:   => Imported activity stream "6366914357 - time" [] []
[2025-07-09T14:34:50.724899+00:00] console-output.INFO:   => Imported activity stream "6366914357 - distance" [] []
[2025-07-09T14:34:50.736255+00:00] console-output.INFO:   => Imported activity stream "6366914357 - latlng" [] []
[2025-07-09T14:34:50.743928+00:00] console-output.INFO:   => Imported activity stream "6366914357 - altitude" [] []
[2025-07-09T14:34:50.751680+00:00] console-output.INFO:   => Imported activity stream "6366914357 - velocity_smooth" [] []
[2025-07-09T14:34:50.758624+00:00] console-output.INFO:   => Imported activity stream "6366914357 - moving" [] []
[2025-07-09T14:34:50.766274+00:00] console-output.INFO:   => Imported activity stream "6366914357 - grade_smooth" [] []
[2025-07-09T14:35:00.916959+00:00] console-output.INFO:   => Imported activity stream "6162496336 - time" [] []
[2025-07-09T14:35:00.925358+00:00] console-output.INFO:   => Imported activity stream "6162496336 - distance" [] []
[2025-07-09T14:35:00.938202+00:00] console-output.INFO:   => Imported activity stream "6162496336 - latlng" [] []
[2025-07-09T14:35:00.946370+00:00] console-output.INFO:   => Imported activity stream "6162496336 - altitude" [] []
[2025-07-09T14:35:00.954870+00:00] console-output.INFO:   => Imported activity stream "6162496336 - velocity_smooth" [] []
[2025-07-09T14:35:00.962138+00:00] console-output.INFO:   => Imported activity stream "6162496336 - moving" [] []
[2025-07-09T14:35:00.969972+00:00] console-output.INFO:   => Imported activity stream "6162496336 - grade_smooth" [] []
[2025-07-09T14:35:11.195800+00:00] console-output.INFO:   => Imported activity stream "5874789976 - time" [] []
[2025-07-09T14:35:11.203912+00:00] console-output.INFO:   => Imported activity stream "5874789976 - distance" [] []
[2025-07-09T14:35:11.216753+00:00] console-output.INFO:   => Imported activity stream "5874789976 - latlng" [] []
[2025-07-09T14:35:11.224291+00:00] console-output.INFO:   => Imported activity stream "5874789976 - altitude" [] []
[2025-07-09T14:35:11.234705+00:00] console-output.INFO:   => Imported activity stream "5874789976 - velocity_smooth" [] []
[2025-07-09T14:35:11.243800+00:00] console-output.INFO:   => Imported activity stream "5874789976 - moving" [] []
[2025-07-09T14:35:11.253308+00:00] console-output.INFO:   => Imported activity stream "5874789976 - grade_smooth" [] []
[2025-07-09T14:35:21.654857+00:00] console-output.INFO:   => Imported activity stream "5808544955 - time" [] []
[2025-07-09T14:35:21.674009+00:00] console-output.INFO:   => Imported activity stream "5808544955 - distance" [] []
[2025-07-09T14:35:21.704944+00:00] console-output.INFO:   => Imported activity stream "5808544955 - latlng" [] []
[2025-07-09T14:35:21.715325+00:00] console-output.INFO:   => Imported activity stream "5808544955 - altitude" [] []
[2025-07-09T14:35:21.723621+00:00] console-output.INFO:   => Imported activity stream "5808544955 - velocity_smooth" [] []
[2025-07-09T14:35:21.730881+00:00] console-output.INFO:   => Imported activity stream "5808544955 - moving" [] []
[2025-07-09T14:35:21.741262+00:00] console-output.INFO:   => Imported activity stream "5808544955 - grade_smooth" [] []
[2025-07-09T14:35:32.065836+00:00] console-output.INFO:   => Imported activity stream "5807019449 - time" [] []
[2025-07-09T14:35:32.078897+00:00] console-output.INFO:   => Imported activity stream "5807019449 - distance" [] []
[2025-07-09T14:35:32.097304+00:00] console-output.INFO:   => Imported activity stream "5807019449 - latlng" [] []
[2025-07-09T14:35:32.108612+00:00] console-output.INFO:   => Imported activity stream "5807019449 - altitude" [] []
[2025-07-09T14:35:32.117189+00:00] console-output.INFO:   => Imported activity stream "5807019449 - velocity_smooth" [] []
[2025-07-09T14:35:32.125498+00:00] console-output.INFO:   => Imported activity stream "5807019449 - moving" [] []
[2025-07-09T14:35:32.135177+00:00] console-output.INFO:   => Imported activity stream "5807019449 - grade_smooth" [] []
[2025-07-09T14:35:42.346882+00:00] console-output.INFO:   => Imported activity stream "5754016272 - time" [] []
[2025-07-09T14:35:42.353997+00:00] console-output.INFO:   => Imported activity stream "5754016272 - distance" [] []
[2025-07-09T14:35:42.365188+00:00] console-output.INFO:   => Imported activity stream "5754016272 - latlng" [] []
[2025-07-09T14:35:42.374248+00:00] console-output.INFO:   => Imported activity stream "5754016272 - altitude" [] []
[2025-07-09T14:35:42.381461+00:00] console-output.INFO:   => Imported activity stream "5754016272 - velocity_smooth" [] []
[2025-07-09T14:35:42.389320+00:00] console-output.INFO:   => Imported activity stream "5754016272 - moving" [] []
[2025-07-09T14:35:42.399808+00:00] console-output.INFO:   => Imported activity stream "5754016272 - grade_smooth" [] []
[2025-07-09T14:35:52.996123+00:00] console-output.INFO:   => Imported activity stream "5726646009 - time" [] []
[2025-07-09T14:35:53.022420+00:00] console-output.INFO:   => Imported activity stream "5726646009 - distance" [] []
[2025-07-09T14:35:53.054967+00:00] console-output.INFO:   => Imported activity stream "5726646009 - latlng" [] []
[2025-07-09T14:35:53.065643+00:00] console-output.INFO:   => Imported activity stream "5726646009 - altitude" [] []
[2025-07-09T14:35:53.075368+00:00] console-output.INFO:   => Imported activity stream "5726646009 - velocity_smooth" [] []
[2025-07-09T14:35:53.082135+00:00] console-output.INFO:   => Imported activity stream "5726646009 - moving" [] []
[2025-07-09T14:35:53.093847+00:00] console-output.INFO:   => Imported activity stream "5726646009 - grade_smooth" [] []
[2025-07-09T14:36:03.313273+00:00] console-output.INFO:   => Imported activity stream "5504084806 - time" [] []
[2025-07-09T14:36:03.323540+00:00] console-output.INFO:   => Imported activity stream "5504084806 - distance" [] []
[2025-07-09T14:36:03.341010+00:00] console-output.INFO:   => Imported activity stream "5504084806 - latlng" [] []
[2025-07-09T14:36:03.350707+00:00] console-output.INFO:   => Imported activity stream "5504084806 - altitude" [] []
[2025-07-09T14:36:03.359124+00:00] console-output.INFO:   => Imported activity stream "5504084806 - velocity_smooth" [] []
[2025-07-09T14:36:03.366444+00:00] console-output.INFO:   => Imported activity stream "5504084806 - moving" [] []
[2025-07-09T14:36:03.375412+00:00] console-output.INFO:   => Imported activity stream "5504084806 - grade_smooth" [] []
[2025-07-09T14:36:13.545864+00:00] console-output.INFO:   => Imported activity stream "5466255623 - time" [] []
[2025-07-09T14:36:13.556082+00:00] console-output.INFO:   => Imported activity stream "5466255623 - distance" [] []
[2025-07-09T14:36:13.575144+00:00] console-output.INFO:   => Imported activity stream "5466255623 - latlng" [] []
[2025-07-09T14:36:13.585124+00:00] console-output.INFO:   => Imported activity stream "5466255623 - altitude" [] []
[2025-07-09T14:36:13.596393+00:00] console-output.INFO:   => Imported activity stream "5466255623 - velocity_smooth" [] []
[2025-07-09T14:36:13.607083+00:00] console-output.INFO:   => Imported activity stream "5466255623 - moving" [] []
[2025-07-09T14:36:13.619744+00:00] console-output.INFO:   => Imported activity stream "5466255623 - grade_smooth" [] []
[2025-07-09T14:36:23.876424+00:00] console-output.INFO:   => Imported activity stream "5459916338 - time" [] []
[2025-07-09T14:36:23.884918+00:00] console-output.INFO:   => Imported activity stream "5459916338 - distance" [] []
[2025-07-09T14:36:23.898193+00:00] console-output.INFO:   => Imported activity stream "5459916338 - latlng" [] []
[2025-07-09T14:36:23.905961+00:00] console-output.INFO:   => Imported activity stream "5459916338 - altitude" [] []
[2025-07-09T14:36:23.913228+00:00] console-output.INFO:   => Imported activity stream "5459916338 - velocity_smooth" [] []
[2025-07-09T14:36:23.921979+00:00] console-output.INFO:   => Imported activity stream "5459916338 - moving" [] []
[2025-07-09T14:36:23.929603+00:00] console-output.INFO:   => Imported activity stream "5459916338 - grade_smooth" [] []
[2025-07-09T14:36:34.114889+00:00] console-output.INFO:   => Imported activity stream "5215274282 - time" [] []
[2025-07-09T14:36:34.122718+00:00] console-output.INFO:   => Imported activity stream "5215274282 - distance" [] []
[2025-07-09T14:36:34.132921+00:00] console-output.INFO:   => Imported activity stream "5215274282 - latlng" [] []
[2025-07-09T14:36:34.140530+00:00] console-output.INFO:   => Imported activity stream "5215274282 - altitude" [] []
[2025-07-09T14:36:34.147993+00:00] console-output.INFO:   => Imported activity stream "5215274282 - velocity_smooth" [] []
[2025-07-09T14:36:34.156551+00:00] console-output.INFO:   => Imported activity stream "5215274282 - moving" [] []
[2025-07-09T14:36:34.163605+00:00] console-output.INFO:   => Imported activity stream "5215274282 - grade_smooth" [] []
[2025-07-09T14:36:44.350415+00:00] console-output.INFO:   => Imported activity stream "4868603018 - time" [] []
[2025-07-09T14:36:44.358145+00:00] console-output.INFO:   => Imported activity stream "4868603018 - distance" [] []
[2025-07-09T14:36:44.367838+00:00] console-output.INFO:   => Imported activity stream "4868603018 - latlng" [] []
[2025-07-09T14:36:44.375544+00:00] console-output.INFO:   => Imported activity stream "4868603018 - altitude" [] []
[2025-07-09T14:36:44.382870+00:00] console-output.INFO:   => Imported activity stream "4868603018 - velocity_smooth" [] []
[2025-07-09T14:36:44.389824+00:00] console-output.INFO:   => Imported activity stream "4868603018 - moving" [] []
[2025-07-09T14:36:44.397071+00:00] console-output.INFO:   => Imported activity stream "4868603018 - grade_smooth" [] []
[2025-07-09T14:36:54.559491+00:00] console-output.INFO:   => Imported activity stream "4593889768 - time" [] []
[2025-07-09T14:36:54.567381+00:00] console-output.INFO:   => Imported activity stream "4593889768 - distance" [] []
[2025-07-09T14:36:54.577556+00:00] console-output.INFO:   => Imported activity stream "4593889768 - latlng" [] []
[2025-07-09T14:36:54.585135+00:00] console-output.INFO:   => Imported activity stream "4593889768 - altitude" [] []
[2025-07-09T14:36:54.592432+00:00] console-output.INFO:   => Imported activity stream "4593889768 - velocity_smooth" [] []
[2025-07-09T14:36:54.599774+00:00] console-output.INFO:   => Imported activity stream "4593889768 - moving" [] []
[2025-07-09T14:36:54.607394+00:00] console-output.INFO:   => Imported activity stream "4593889768 - grade_smooth" [] []
[2025-07-09T14:37:04.811192+00:00] console-output.INFO:   => Imported activity stream "4400127232 - time" [] []
[2025-07-09T14:37:04.819369+00:00] console-output.INFO:   => Imported activity stream "4400127232 - distance" [] []
[2025-07-09T14:37:04.831061+00:00] console-output.INFO:   => Imported activity stream "4400127232 - latlng" [] []
[2025-07-09T14:37:04.838746+00:00] console-output.INFO:   => Imported activity stream "4400127232 - altitude" [] []
[2025-07-09T14:37:04.846512+00:00] console-output.INFO:   => Imported activity stream "4400127232 - velocity_smooth" [] []
[2025-07-09T14:37:04.853646+00:00] console-output.INFO:   => Imported activity stream "4400127232 - moving" [] []
[2025-07-09T14:37:04.861360+00:00] console-output.INFO:   => Imported activity stream "4400127232 - grade_smooth" [] []
[2025-07-09T14:37:15.085718+00:00] console-output.INFO:   => Imported activity stream "4377821717 - time" [] []
[2025-07-09T14:37:15.097066+00:00] console-output.INFO:   => Imported activity stream "4377821717 - distance" [] []
[2025-07-09T14:37:15.115398+00:00] console-output.INFO:   => Imported activity stream "4377821717 - latlng" [] []
[2025-07-09T14:37:15.124535+00:00] console-output.INFO:   => Imported activity stream "4377821717 - altitude" [] []
[2025-07-09T14:37:15.133423+00:00] console-output.INFO:   => Imported activity stream "4377821717 - velocity_smooth" [] []
[2025-07-09T14:37:15.141516+00:00] console-output.INFO:   => Imported activity stream "4377821717 - moving" [] []
[2025-07-09T14:37:15.150374+00:00] console-output.INFO:   => Imported activity stream "4377821717 - grade_smooth" [] []
[2025-07-09T14:37:25.435643+00:00] console-output.INFO:   => Imported activity stream "4333411322 - time" [] []
[2025-07-09T14:37:25.444512+00:00] console-output.INFO:   => Imported activity stream "4333411322 - distance" [] []
[2025-07-09T14:37:25.458039+00:00] console-output.INFO:   => Imported activity stream "4333411322 - latlng" [] []
[2025-07-09T14:37:25.466003+00:00] console-output.INFO:   => Imported activity stream "4333411322 - altitude" [] []
[2025-07-09T14:37:25.474204+00:00] console-output.INFO:   => Imported activity stream "4333411322 - velocity_smooth" [] []
[2025-07-09T14:37:25.481319+00:00] console-output.INFO:   => Imported activity stream "4333411322 - moving" [] []
[2025-07-09T14:37:25.489033+00:00] console-output.INFO:   => Imported activity stream "4333411322 - grade_smooth" [] []
[2025-07-09T14:37:35.722905+00:00] console-output.INFO:   => Imported activity stream "4291843015 - time" [] []
[2025-07-09T14:37:35.731445+00:00] console-output.INFO:   => Imported activity stream "4291843015 - distance" [] []
[2025-07-09T14:37:35.744102+00:00] console-output.INFO:   => Imported activity stream "4291843015 - latlng" [] []
[2025-07-09T14:37:35.752050+00:00] console-output.INFO:   => Imported activity stream "4291843015 - altitude" [] []
[2025-07-09T14:37:35.759458+00:00] console-output.INFO:   => Imported activity stream "4291843015 - velocity_smooth" [] []
[2025-07-09T14:37:35.766772+00:00] console-output.INFO:   => Imported activity stream "4291843015 - moving" [] []
[2025-07-09T14:37:35.774909+00:00] console-output.INFO:   => Imported activity stream "4291843015 - grade_smooth" [] []
[2025-07-09T14:37:45.938419+00:00] console-output.INFO:   => Imported activity stream "4208386279 - time" [] []
[2025-07-09T14:37:45.946732+00:00] console-output.INFO:   => Imported activity stream "4208386279 - distance" [] []
[2025-07-09T14:37:45.958812+00:00] console-output.INFO:   => Imported activity stream "4208386279 - latlng" [] []
[2025-07-09T14:37:45.967088+00:00] console-output.INFO:   => Imported activity stream "4208386279 - altitude" [] []
[2025-07-09T14:37:45.975800+00:00] console-output.INFO:   => Imported activity stream "4208386279 - velocity_smooth" [] []
[2025-07-09T14:37:45.982778+00:00] console-output.INFO:   => Imported activity stream "4208386279 - moving" [] []
[2025-07-09T14:37:45.990887+00:00] console-output.INFO:   => Imported activity stream "4208386279 - grade_smooth" [] []
[2025-07-09T14:37:56.155450+00:00] console-output.INFO:   => Imported activity stream "4039443041 - time" [] []
[2025-07-09T14:37:56.163949+00:00] console-output.INFO:   => Imported activity stream "4039443041 - distance" [] []
[2025-07-09T14:37:56.176360+00:00] console-output.INFO:   => Imported activity stream "4039443041 - latlng" [] []
[2025-07-09T14:37:56.184267+00:00] console-output.INFO:   => Imported activity stream "4039443041 - altitude" [] []
[2025-07-09T14:37:56.192458+00:00] console-output.INFO:   => Imported activity stream "4039443041 - velocity_smooth" [] []
[2025-07-09T14:37:56.199717+00:00] console-output.INFO:   => Imported activity stream "4039443041 - moving" [] []
[2025-07-09T14:37:56.207290+00:00] console-output.INFO:   => Imported activity stream "4039443041 - grade_smooth" [] []
[2025-07-09T14:38:06.451627+00:00] console-output.INFO:   => Imported activity stream "3873609676 - time" [] []
[2025-07-09T14:38:06.459822+00:00] console-output.INFO:   => Imported activity stream "3873609676 - distance" [] []
[2025-07-09T14:38:06.471320+00:00] console-output.INFO:   => Imported activity stream "3873609676 - latlng" [] []
[2025-07-09T14:38:06.479803+00:00] console-output.INFO:   => Imported activity stream "3873609676 - altitude" [] []
[2025-07-09T14:38:06.488044+00:00] console-output.INFO:   => Imported activity stream "3873609676 - velocity_smooth" [] []
[2025-07-09T14:38:06.495068+00:00] console-output.INFO:   => Imported activity stream "3873609676 - moving" [] []
[2025-07-09T14:38:06.502453+00:00] console-output.INFO:   => Imported activity stream "3873609676 - grade_smooth" [] []
[2025-07-09T14:38:16.767944+00:00] console-output.INFO:   => Imported activity stream "3866239524 - time" [] []
[2025-07-09T14:38:16.781143+00:00] console-output.INFO:   => Imported activity stream "3866239524 - distance" [] []
[2025-07-09T14:38:16.803149+00:00] console-output.INFO:   => Imported activity stream "3866239524 - latlng" [] []
[2025-07-09T14:38:16.811882+00:00] console-output.INFO:   => Imported activity stream "3866239524 - altitude" [] []
[2025-07-09T14:38:16.822403+00:00] console-output.INFO:   => Imported activity stream "3866239524 - velocity_smooth" [] []
[2025-07-09T14:38:16.830665+00:00] console-output.INFO:   => Imported activity stream "3866239524 - moving" [] []
[2025-07-09T14:38:16.841882+00:00] console-output.INFO:   => Imported activity stream "3866239524 - grade_smooth" [] []
[2025-07-09T14:38:27.059972+00:00] console-output.INFO:   => Imported activity stream "3809735597 - time" [] []
[2025-07-09T14:38:27.069499+00:00] console-output.INFO:   => Imported activity stream "3809735597 - distance" [] []
[2025-07-09T14:38:27.089050+00:00] console-output.INFO:   => Imported activity stream "3809735597 - latlng" [] []
[2025-07-09T14:38:27.097340+00:00] console-output.INFO:   => Imported activity stream "3809735597 - altitude" [] []
[2025-07-09T14:38:27.105891+00:00] console-output.INFO:   => Imported activity stream "3809735597 - velocity_smooth" [] []
[2025-07-09T14:38:27.113822+00:00] console-output.INFO:   => Imported activity stream "3809735597 - moving" [] []
[2025-07-09T14:38:27.123437+00:00] console-output.INFO:   => Imported activity stream "3809735597 - grade_smooth" [] []
[2025-07-09T14:38:37.283383+00:00] console-output.INFO:   => Imported activity stream "3720273351 - time" [] []
[2025-07-09T14:38:37.292321+00:00] console-output.INFO:   => Imported activity stream "3720273351 - distance" [] []
[2025-07-09T14:38:37.303422+00:00] console-output.INFO:   => Imported activity stream "3720273351 - latlng" [] []
[2025-07-09T14:38:37.312189+00:00] console-output.INFO:   => Imported activity stream "3720273351 - altitude" [] []
[2025-07-09T14:38:37.320304+00:00] console-output.INFO:   => Imported activity stream "3720273351 - velocity_smooth" [] []
[2025-07-09T14:38:37.328074+00:00] console-output.INFO:   => Imported activity stream "3720273351 - moving" [] []
[2025-07-09T14:38:37.334495+00:00] console-output.INFO:   => Imported activity stream "3720273351 - grade_smooth" [] []
[2025-07-09T14:38:47.471497+00:00] console-output.INFO:   => Imported activity stream "3656718262 - time" [] []
[2025-07-09T14:38:47.479211+00:00] console-output.INFO:   => Imported activity stream "3656718262 - distance" [] []
[2025-07-09T14:38:47.490740+00:00] console-output.INFO:   => Imported activity stream "3656718262 - latlng" [] []
[2025-07-09T14:38:47.498700+00:00] console-output.INFO:   => Imported activity stream "3656718262 - altitude" [] []
[2025-07-09T14:38:47.505944+00:00] console-output.INFO:   => Imported activity stream "3656718262 - velocity_smooth" [] []
[2025-07-09T14:38:47.512309+00:00] console-output.INFO:   => Imported activity stream "3656718262 - moving" [] []
[2025-07-09T14:38:47.519774+00:00] console-output.INFO:   => Imported activity stream "3656718262 - grade_smooth" [] []
[2025-07-09T14:38:47.524956+00:00] console-output.INFO: Calculating best activity efforts... [] []
[2025-07-09T14:38:50.282828+00:00] console-output.INFO:   => Calculated best efforts for 69 activities [] []
[2025-07-09T14:38:50.283157+00:00] console-output.INFO: Importing segments and efforts... [] []
[2025-07-09T14:38:53.076320+00:00] console-output.INFO:   => Added 165 new segments and 330 new segment efforts [] []
[2025-07-09T14:38:53.076818+00:00] console-output.INFO: Importing challenges... [] []
[2025-07-09T14:39:04.238844+00:00] console-output.INFO: Could not import challenges from public profile: Could not fetch Strava challenges on public profile [] []
[2025-07-09T14:39:04.239207+00:00] console-output.INFO: No Challenges to import... [] []
[2025-07-09T14:39:04.239454+00:00] console-output.INFO: Calculating best stream averages... [] []
[2025-07-09T14:39:08.479928+00:00] console-output.INFO:   => Calculated averages for 770 streams [] []
[2025-07-09T14:39:08.480309+00:00] console-output.INFO: Calculating normalized power... [] []
[2025-07-09T14:39:08.481521+00:00] console-output.INFO:   => Calculated normalized power for 0 streams [] []
[2025-07-09T14:39:08.481963+00:00] console-output.INFO: Calculating combined activity streams... [] []
[2025-07-09T14:39:13.560476+00:00] console-output.INFO:   => Calculated combined streams for 106 activities [] []
[2025-07-09T14:39:13.714846+00:00] console-output.INFO: Database got vacuumed 🧹 [] []
[2025-07-09T14:39:13.715054+00:00] console-output.INFO: <info>Time: 2745.251s, Memory: 98.00 MB, Peak Memory: 98.00 MB</info> [] []
[2025-07-09T14:40:35.156235+00:00] console-output.INFO:   [] []
[2025-07-09T14:40:35.162901+00:00] console-output.INFO: <fg=black;bg=green>                                                                                                                        </> [] []
[2025-07-09T14:40:35.163089+00:00] console-output.INFO: <fg=black;bg=green> Statistics for Strava v2.4.2                                                                                           </> [] []
[2025-07-09T14:40:35.163172+00:00] console-output.INFO: <fg=black;bg=green>                                                                                                                        </> [] []
[2025-07-09T14:40:35.163249+00:00] console-output.INFO:   [] []
[2025-07-09T14:40:35.163314+00:00] console-output.INFO: Configuring locale... [] []
[2025-07-09T14:40:35.199805+00:00] console-output.INFO: Building Manifest... [] []
[2025-07-09T14:40:35.200737+00:00] console-output.INFO: Building App... [] []
[2025-07-09T14:40:35.200836+00:00] console-output.INFO:   => Building index [] []
[2025-07-09T14:40:35.247376+00:00] console-output.INFO:   => Building dashboard [] []
[2025-07-09T14:40:36.940134+00:00] console-output.INFO:   => Building activities [] []
[2025-07-09T14:40:37.175758+00:00] console-output.INFO:   => Building gpx files [] []
[2025-07-09T14:40:39.653602+00:00] console-output.INFO:   => Building monthly-stats [] []
[2025-07-09T14:40:40.039388+00:00] console-output.INFO:   => Building gear-stats [] []
[2025-07-09T14:40:40.048414+00:00] console-output.INFO:   => Building gear-maintenance [] []
[2025-07-09T14:40:40.059314+00:00] console-output.INFO:   => Building eddington [] []
[2025-07-09T14:40:40.067269+00:00] console-output.INFO:   => Building segments [] []
[2025-07-09T14:40:40.243383+00:00] console-output.INFO:   => Building heatmap [] []
[2025-07-09T14:40:40.249036+00:00] console-output.INFO:   => Building rewind [] []
[2025-07-09T14:40:40.338881+00:00] console-output.INFO:   => Building challenges [] []
[2025-07-09T14:40:40.341207+00:00] console-output.INFO:   => Building photos [] []
[2025-07-09T14:40:40.346308+00:00] console-output.INFO:   => Building badges [] []
